pageid,title
0000000609,File:PoEWikiLogo.png
0000000610,File:Item UI header normal left.png
0000000613,File:Item UI header normal middle.png
0000000614,File:Item UI header normal right.png
0000000615,File:Item UI header magic left.png
0000000616,File:Item UI header magic middle.png
0000000617,File:Item UI header magic right.png
0000000618,File:Item UI header double rare left.png
0000000619,File:Item UI header double rare middle.png
0000000620,File:Item UI header double rare right.png
0000000621,File:Item UI header double unique left.png
0000000622,File:Item UI header double unique middle.png
0000000623,File:Item UI header double unique right.png
0000000655,File:Lua-Logo.svg
0000000656,File:Copyright uncertain.svg
0000000674,File:Grinding Gear Games logo.png
0000000680,File:Bg.jpg
0000000681,File:Documentation-plain.svg
0000000682,File:Dark Red x.svg
0000000683,File:Green check.svg
0000000684,File:PD-icon-transparent-bg.svg
0000000685,File:MIT logo.svg
0000000686,File:Imbox nonfreelicense.svg
0000000687,File:CC-BY-SA.svg
0000000688,File:CC BY-NC-SA.svg
0000000873,File:Item UI separator magic.png
0000000874,File:Item UI separator normal.png
0000000876,File:Item UI separator rare.png
0000000877,File:Item UI separator unique.png
0000001077,File:New meta module.png
0000001143,File:Vector tab left.png
0000001144,File:Vector tab right.png
0000001145,File:Vector tab center.png
0000001154,File:Poe2wiki icon.png
0000001155,File:Poewiki icon.png
0000001159,File:Feature-bg-sculp.png
0000001205,File:Octicons-repo-forked.svg
0000001221,File:Gnome-applications-science.svg
0000001431,File:GoldcrushOfficialArt.png
0000001437,File:Azakh-KulShamanCropped.jpg
0000001438,File:CarverBruteCropped.jpg
0000001439,File:DredgeFiendCropped.jpg
0000001440,File:FilthyCroneCropped.jpg
0000001441,File:HunchbackClubbersCropped.jpg
0000001442,File:StoneSentinelCropped.jpg
0000001443,File:QuadrillaCropped.jpg
0000001444,File:StoneSentinel.jpg
0000001576,File:Chronomancer official art.jpg
0000001597,File:Deadeye official art.jpg
0000001598,File:Titan official art.jpg
0000001599,File:Warbringer official art.jpg
0000001600,File:Infernalist official art.jpg
0000001601,File:Blood Mage official art.jpg
0000001603,File:Stormweaver official art.jpg
0000001604,File:Gemling Legionnaire official art.jpg
0000001605,File:Witchhunter official art.jpg
0000001606,File:Acolyte of Chayula official art.jpg
0000001607,File:Invoker official art.jpg
0000001609,File:Warrior character class.jpg
0000001613,File:Ranger character class.jpg
0000001615,File:Witch character class.jpg
0000001617,File:Mercenary character class.jpg
0000001619,File:Monk character class.jpg
0000001620,File:Sorceress character class.jpg
0000001630,File:Pathfinder official art.jpg
0000001648,File:AltarofAscendancy1.png
0000001650,File:Endgame Map UI.png
0000001683,File:The Burning Monolith overworld.png
0000001686,File:SekhemaTrialMap.png
0000001862,File:Ranger portrait.png
0000001863,File:Witch portrait.png
0000001864,File:Warrior portrait.png
0000001865,File:Mercenary portrait.png
0000001866,File:Monk portrait.png
0000001867,File:Sorceress portrait.png
0000001891,File:Dannig.png
0000001892,File:Expedition runic monsters.jpg
0000001893,File:Expedition chain.jpg
0000001894,File:Expedition poe 2 screenshot.png
0000001947,File:RelicAltarEmpty.png
0000001948,File:RelicAltarLocked.png
0000001949,File:Sanctum accursed pact icon.png
0000001950,File:Gain b 25.png
0000001951,File:Gain B 50.png
0000001952,File:Gain bb 50.png
0000001953,File:Gain b+a.png
0000001954,File:Gain b+Ra.png
0000001955,File:Lose a+Gain Ra.png
0000001956,File:Gain Rb+Ra.png
0000001957,File:Lose Rb+Rb.png
0000001958,File:Gain rbbb + A.png
0000001959,File:Lose Raaa+Gain A.png
0000001960,File:Lose Rbbb + Gain B.png
0000001975,File:Mercenary wanted poster.webp
0000001976,File:Monk wanted poster.webp
0000001977,File:Ranger wanted poster.webp
0000001978,File:Sorceress wanted poster.webp
0000001979,File:Warrior wanted poster.webp
0000001980,File:Witch wanted poster.webp
0000002006,File:Placeholder character portrait.png
0000002007,File:Uncut Skill Gem inventory icon.png
0000002012,File:Monster category icons.png
0000002014,File:Titan portrait.png
0000002015,File:Witchhunter portrait.png
0000002016,File:Warbringer portrait.png
0000002017,File:Gemling Legionnaire portrait.png
0000002018,File:Invoker portrait.png
0000002019,File:Stormweaver portrait.png
0000002020,File:Acolyte of Chayula portrait.png
0000002021,File:Chronomancer portrait.png
0000002022,File:Deadeye portrait.png
0000002023,File:Pathfinder portrait.png
0000002024,File:Blood Mage portrait.png
0000002025,File:Infernalist portrait.png
0000002090,File:Regal Shard inventory icon.png
0000002092,File:Regal Orb inventory icon.png
0000002093,File:Chaos Orb inventory icon.png
0000002094,File:Scroll of Wisdom inventory icon.png
0000002160,File:Acolyte of Chayula breakdown.jpg
0000002161,File:Chronomancer breakdown.png
0000002162,File:Gemling Legionnaire breakdown.png
0000002163,File:Infernalist breakdown.jpg
0000002164,File:Infernalist.jpg
0000002165,File:Gemling Legionnaire.png
0000002166,File:Chronomancer.png
0000002167,File:Acolyte of Chayula.jpg
0000002168,File:Invoker breakdown.jpg
0000002169,File:Pathfinder breakdown.jpg
0000002170,File:Stormweaver breakdown.png
0000002171,File:Titan breakdown.png
0000002172,File:Warbringer breakdown.png
0000002173,File:Witchhunter breakdown.png
0000002348,File:Doryani trailer.png
0000002349,File:4.0.0 skill screen.png
0000002350,File:4.0.0 hybrid socket.png
0000002352,File:Armourer's Scrap inventory icon.png
0000002353,File:Artificer's Orb inventory icon.png
0000002354,File:Blacksmith's Whetstone inventory icon.png
0000002355,File:Exalted Orb inventory icon.png
0000002356,File:Greater Jeweller's Orb inventory icon.png
0000002357,File:Lesser Jeweller's Orb inventory icon.png
0000002358,File:Mirror of Kalandra inventory icon.png
0000002359,File:Orb of Alchemy inventory icon.png
0000002360,File:Orb of Annulment inventory icon.png
0000002361,File:Orb of Augmentation inventory icon.png
0000002362,File:Orb of Chance inventory icon.png
0000002363,File:Orb of Transmutation inventory icon.png
0000002364,File:Perfect Jeweller's Orb inventory icon.png
0000002365,File:Vaal Orb inventory icon.png
0000002367,File:Divine Orb inventory icon.png
0000002379,File:The Sentry inventory icon.png
0000002380,File:Gothic Quarterstaff inventory icon.png
0000002381,File:The Blood Thorn inventory icon.png
0000002383,File:Crescent Quarterstaff inventory icon.png
0000002385,File:Attuned Wand inventory icon.png
0000002386,File:Siphoning Wand inventory icon.png
0000002387,File:Withered Wand inventory icon.png
0000002388,File:Bone Wand inventory icon.png
0000002389,File:Volatile Wand inventory icon.png
0000002393,File:Galvanic Wand inventory icon.png
0000002394,File:Acrid Wand inventory icon.png
0000002395,File:Offering Wand inventory icon.png
0000002396,File:Lifesprig inventory icon.png
0000002397,File:Enezun's Charge inventory icon.png
0000002407,File:Arcanist's Etcher inventory icon.png
0000002410,File:Orb of Scouring inventory icon.png
0000002412,File:Orb of Alteration inventory icon.png
0000002414,File:Chromatic Orb inventory icon.png
0000002416,File:Glassblower's Bauble inventory icon.png
0000002421,File:Gemcutter's Prism inventory icon.png
0000002425,File:Glowswarm inventory icon.png
0000002426,File:Lazuli Ring inventory icon.png
0000002429,File:Breach Ring inventory icon.png
0000002433,File:Quill Rain inventory icon.png
0000002435,File:Shortbow inventory icon.png
0000002441,File:Rampart Raptor inventory icon.png
0000002442,File:Tense Crossbow inventory icon.png
0000002459,File:Abyssal Flail inventory icon.png
0000002460,File:Chain Flail inventory icon.png
0000002461,File:Great Flail inventory icon.png
0000002462,File:Guarded Flail inventory icon.png
0000002463,File:Holy Flail inventory icon.png
0000002464,File:Icicle Flail inventory icon.png
0000002465,File:Iron Flail inventory icon.png
0000002466,File:Ring Flail inventory icon.png
0000002467,File:Slender Flail inventory icon.png
0000002468,File:Splintered Flail inventory icon.png
0000002469,File:Stone Flail inventory icon.png
0000002470,File:Tearing Flail inventory icon.png
0000002471,File:Twin Flail inventory icon.png
0000002481,File:Unearth skill icon.png
0000002482,File:Rattling Sceptre inventory icon.png
0000002489,File:Lunar Amulet inventory icon.png
0000002490,File:Crimson Amulet inventory icon.png
0000002491,File:Bloodstone Amulet inventory icon.png
0000002492,File:Solar Amulet inventory icon.png
0000002494,File:Stellar Amulet inventory icon.png
0000002496,File:Gold Amulet inventory icon.png
0000002497,File:Jade Amulet inventory icon.png
0000002498,File:Amber Amulet inventory icon.png
0000002499,File:Azure Amulet inventory icon.png
0000002500,File:Lapis Amulet inventory icon.png
0000002520,File:Foxshade inventory icon.png
0000002552,File:Mausoleum gold room secret.jpg
0000002573,"File:Halani, the Water Goddess.png"
0000002574,File:Halani's Remains.png
0000002592,File:The Hooded One Sin.png
0000002593,File:Statue of Garukhan.png
0000002595,File:The Countess Act 2.png
0000002603,File:The Third Pact Medallion.png
0000002604,File:Testament of Defiance landmark.png
0000002605,File:Sisters of Garukhan landmark.png
0000002618,File:Splinterheart inventory icon.png
0000002619,File:Recurve Bow inventory icon.png
0000002624,File:Legionstride inventory icon.png
0000002626,File:Rough Greaves inventory icon.png
0000002669,File:Trial of the Sekhemas loading screen.jpg
0000002674,File:Activated Generator Jiquani's Sanctum.jpeg
0000002675,File:Corruption Altar.png
0000002680,File:Cauldron Keeper.jpg
0000002682,File:Queen of Filth.png
0000002684,"File:Ketzuli, High Priest of the Sun.png"
0000002690,File:Act1TravelUI.jpg
0000002692,File:Waypoint in Clearfell.png
0000002693,File:Djinn Barya inventory icon.png
0000002701,File:Sacrifical Altar in Aggorat.png
0000002744,File:Uncut Support Gem inventory icon.png
0000002769,File:Sanguine Diviner inventory icon.png
0000002772,File:Comet skill icon.png
0000002777,File:Victorious Fate inventory icon.png
0000002780,File:Cowardly Fate inventory icon.png
0000002781,File:Deadly Fate inventory icon.png
0000002783,File:Inscribed Ultimatum inventory icon.png
0000002784,File:Urn Relic inventory icon.png
0000002785,File:Bronze Key inventory icon.png
0000002786,File:The Flame Core inventory icon.png
0000002787,File:Silver Key inventory icon.png
0000002788,File:Gold Key inventory icon.png
0000002789,File:Lose b+a.png
0000002790,File:Seal Relic inventory icon.png
0000002791,File:Amphora Relic inventory icon.png
0000002792,File:Tapestry Relic inventory icon.png
0000002793,File:Coffer Relic inventory icon.png
0000002794,File:Incense Relic inventory icon.png
0000002795,File:The Last Flame inventory icon.png
0000002796,File:Garment inventory icon.png
0000002797,File:Balbala's Barya inventory icon.png
0000002798,File:Head of the Winter Wolf inventory icon.png
0000002799,File:Runed Spikes inventory icon.png
0000002800,File:Una's Lute inventory icon.png
0000002801,File:Candlemass' Essence inventory icon.png
0000002802,File:Runed Girdle inventory icon.png
0000002803,File:Runed Guard inventory icon.png
0000002804,File:Runed Skull Cap inventory icon.png
0000002805,File:Asinia's Memorial Key Piece inventory icon.png
0000002806,File:Draven's Memorial Key Piece inventory icon.png
0000002807,File:Count Lachlann's Ring inventory icon.png
0000002808,File:Book of Specialisation inventory icon.png
0000002809,File:Gembloom Skull inventory icon.png
0000002811,File:Smithing Tools inventory icon.png
0000002812,File:The Horn of the Vastiri inventory icon.png
0000002813,File:Mastodon Tusks inventory icon.png
0000002814,File:The Flame Ruby inventory icon.png
0000002817,File:The Essence of Water inventory icon.png
0000002818,File:Ascent to Power quest icon.png
0000002821,File:Sun Clan Relic inventory icon.png
0000002822,File:Kabala Clan Relic inventory icon.png
0000002823,File:Sigil of the Third Pact inventory icon.png
0000002826,File:Final Letter inventory icon.png
0000002831,File:Earning Passage quest icon.png
0000002833,File:Gemrot Skull inventory icon.png
0000002834,File:The Trail of Corruption Act 2 quest icon.png
0000002835,File:A Theft of Ivory quest icon.png
0000002836,File:The City of Seven Waters quest icon.png
0000002837,File:Venom Draught of Clarity inventory icon.png
0000002838,File:Venom Draught of Stone inventory icon.png
0000002839,File:Venom Draught of the Veil inventory icon.png
0000002840,File:A Crown of Stone quest icon.png
0000002841,File:Ancient Vows quest icon.png
0000002842,File:Tradition's Toll quest icon.png
0000002844,File:Corpse-snake Venom inventory icon.png
0000002845,File:Reaching Clearfell quest icon.png
0000002846,File:Treacherous Ground quest icon.png
0000002847,File:Large Soul Core inventory icon.png
0000002848,File:Secrets in the Dark quest icon.png
0000002849,File:The Mysterious Shade quest icon.png
0000002851,File:Sorrow Among Stones quest icon.png
0000002852,File:Ominous Altars quest icon.png
0000002853,File:The Lost Lute quest icon.png
0000002854,File:Finding the Forge quest icon.png
0000002856,File:The Mad Wolf of Ogham quest icon.png
0000002857,File:Ignagduk's Ghastly Spear inventory icon.png
0000002859,File:The Hammer of Kamasa inventory icon.png
0000002862,File:Sacrificial Dagger inventory icon.png
0000002864,File:Sacrificial Heart inventory icon.png
0000002866,File:Gemcrust Skull inventory icon.png
0000002867,File:Chimeral Inscribed Ultimatum inventory icon.png
0000002871,File:Blue Mushroom inventory icon.png
0000002872,File:Green Mushroom inventory icon.png
0000002873,File:Red Mushroom inventory icon.png
0000002878,File:Grand Idol inventory icon.png
0000002879,File:Golden Idol inventory icon.png
0000002880,File:Glorious Idol inventory icon.png
0000002882,File:Torment Club inventory icon.png
0000002883,File:Construct Hammer inventory icon.png
0000002884,File:Slim Mace inventory icon.png
0000002886,File:Wooden Club inventory icon.png
0000002887,File:Smithing Hammer inventory icon.png
0000002889,File:Small Soul Core inventory icon.png
0000002891,File:Spiked Club inventory icon.png
0000002893,File:Medium Soul Core inventory icon.png
0000002895,File:Warpick inventory icon.png
0000002898,File:Temple Door Idol inventory icon.png
0000002899,File:Plated Mace inventory icon.png
0000002901,File:Brigand Mace inventory icon.png
0000002903,File:Morning Star inventory icon.png
0000002905,File:Jade Club inventory icon.png
0000002906,File:Brynhand's Mark inventory icon.png
0000002907,File:Wylund's Stake inventory icon.png
0000002909,File:Seeing Stars inventory icon.png
0000002911,File:Frostbreath inventory icon.png
0000002914,File:Trenchtimbre inventory icon.png
0000002915,File:Felled Greatclub inventory icon.png
0000002916,File:Oak Greathammer inventory icon.png
0000002918,File:Forge Maul inventory icon.png
0000002919,File:Studded Greatclub inventory icon.png
0000002920,File:Crumbling Maul inventory icon.png
0000002922,File:Cultist Greathammer inventory icon.png
0000002924,File:Pointed Maul inventory icon.png
0000002926,File:Temple Maul inventory icon.png
0000002928,File:Leaden Greathammer inventory icon.png
0000002930,File:Totemic Greatclub inventory icon.png
0000002932,File:Greatmace inventory icon.png
0000002934,File:Precise Greathammer inventory icon.png
0000002936,File:Giant Maul inventory icon.png
0000002937,File:Hoghunt inventory icon.png
0000002938,File:Brain Rattler inventory icon.png
0000002940,File:Hrimnor's Hymn inventory icon.png
0000002942,File:Trephina inventory icon.png
0000002944,File:Chober Chaber inventory icon.png
0000002946,File:Quecholli inventory icon.png
0000002948,File:Northpaw inventory icon.png
0000002949,File:Suede Bracers inventory icon.png
0000003032,File:Keelhaul inventory icon.png
0000003036,File:Linen Belt inventory icon.png
0000003037,File:Rawhide Belt inventory icon.png
0000003038,File:Wide Belt inventory icon.png
0000003039,File:Long Belt inventory icon.png
0000003040,File:Plate Belt inventory icon.png
0000003042,File:Ornate Belt inventory icon.png
0000003044,File:Mail Belt inventory icon.png
0000003045,File:Heavy Belt inventory icon.png
0000003047,File:Utility Belt inventory icon.png
0000003050,File:Double Belt inventory icon.png
0000003051,File:Meginord's Girdle inventory icon.png
0000003052,File:Headhunter inventory icon.png
0000003054,File:Midnight Braid inventory icon.png
0000003058,File:Iron Ring inventory icon.png
0000003059,File:Ruby Ring inventory icon.png
0000003060,File:Sapphire Ring inventory icon.png
0000003061,File:Topaz Ring inventory icon.png
0000003062,File:Amethyst Ring inventory icon.png
0000003063,File:Emerald Ring inventory icon.png
0000003064,File:Pearl Ring inventory icon.png
0000003065,File:Prismatic Ring inventory icon.png
0000003066,File:Gold Ring inventory icon.png
0000003067,File:Unset Ring inventory icon.png
0000003069,File:Blackheart inventory icon.png
0000003071,File:Seed of Cataclysm inventory icon.png
0000003073,File:Cracklecreep inventory icon.png
0000003074,File:Lesser Life Flask inventory icon.png
0000003075,File:Medium Life Flask inventory icon.png
0000003076,File:Greater Life Flask inventory icon.png
0000003077,File:Grand Life Flask inventory icon.png
0000003078,File:Giant Life Flask inventory icon.png
0000003079,File:Colossal Life Flask inventory icon.png
0000003080,File:Gargantuan Life Flask inventory icon.png
0000003081,File:Ultimate Life Flask inventory icon.png
0000003083,File:Transcendent Life Flask inventory icon.png
0000003087,File:Lesser Mana Flask inventory icon.png
0000003088,File:Medium Mana Flask inventory icon.png
0000003089,File:Greater Mana Flask inventory icon.png
0000003090,File:Grand Mana Flask inventory icon.png
0000003091,File:Giant Mana Flask inventory icon.png
0000003092,File:Colossal Mana Flask inventory icon.png
0000003093,File:Gargantuan Mana Flask inventory icon.png
0000003094,File:Transcendent Mana Flask inventory icon.png
0000003095,File:Ultimate Mana Flask inventory icon.png
0000003100,File:Dusk Vigil inventory icon.png
0000003101,File:Earthbound inventory icon.png
0000003102,File:Taryn's Shiver inventory icon.png
0000003103,File:The Searing Touch inventory icon.png
0000003117,File:Spark skill icon.png
0000003152,File:Viper Napuatzi.png
0000003166,File:Trialmaster's Challenge statue.png
0000003217,File:The Infinite Pursuit inventory icon.png
0000003245,File:Maraketh Cuirass inventory icon.png
0000003247,File:Steel Plate inventory icon.png
0000003262,File:Mausoleum hidden switch.jpg
0000003265,File:Raider Plate inventory icon.png
0000003269,File:Rusted Cuirass inventory icon.png
0000003273,File:Fur Plate inventory icon.png
0000003275,File:Full Plate inventory icon.png
0000003282,File:Dryadic Ritual.jpeg
0000003291,File:The Beast Act 1.png
0000003292,File:The Countess Act 1.png
0000003299,File:Tomb haunted treasure.png
0000003327,File:Broadhead Quiver inventory icon.png
0000003328,File:Fire Quiver inventory icon.png
0000003329,File:Sacral Quiver inventory icon.png
0000003330,File:Two-Point Quiver inventory icon.png
0000003331,File:Blunt Quiver inventory icon.png
0000003332,File:Toxic Quiver inventory icon.png
0000003333,File:Serrated Quiver inventory icon.png
0000003334,File:Primed Quiver inventory icon.png
0000003335,File:Penetrating Quiver inventory icon.png
0000003336,File:Volant Quiver inventory icon.png
0000003337,File:Visceral Quiver inventory icon.png
0000003338,File:Asphyxia's Wrath inventory icon.png
0000003339,File:Blackgleam inventory icon.png
0000003340,File:Beyond Reach inventory icon.png
0000003346,File:Choir of the Storm inventory icon.png
0000003347,File:Xoph's Blood inventory icon.png
0000003348,File:The Pandemonius inventory icon.png
0000003349,File:The Remembered Tales inventory icon.png
0000003350,File:The Desperate Alliance inventory icon.png
0000003351,File:The Burden of Leadership inventory icon.png
0000003352,File:Raging Spirits skill icon.png
0000003353,File:Essence crystals.jpg
0000003356,File:Blazon Crest Shield inventory icon.png
0000003358,File:Hardwood Targe inventory icon.png
0000003359,File:Wrapped Quarterstaff inventory icon.png
0000003360,File:Zalmarath.png
0000003361,File:Grip of Winter inventory icon.png
0000003363,File:Silver Charm inventory icon.png
0000003364,File:Brimmed Helm inventory icon.png
0000003365,File:Horned Crown inventory icon.png
0000003366,File:Ringmail Gauntlets inventory icon.png
0000003367,File:Dyad Crossbow inventory icon.png
0000003368,File:Sigil Crest Shield inventory icon.png
0000003369,File:Woven Focus inventory icon.png
0000003370,File:Warden Bow inventory icon.png
0000003371,File:Composite Bow inventory icon.png
0000003372,File:Varnished Crossbow inventory icon.png
0000003373,File:Feathered Robe inventory icon.png
0000003374,File:Hexer's Robe inventory icon.png
0000003375,File:Alloy Crossbow inventory icon.png
0000003376,File:Painted Tower Shield inventory icon.png
0000003377,File:Braced Tower Shield inventory icon.png
0000003378,File:Studded Vest inventory icon.png
0000003379,File:Cloaked Mail inventory icon.png
0000003380,File:Shrouded Vest inventory icon.png
0000003381,File:Pelt Mantle inventory icon.png
0000003386,File:Surefooted Sigil inventory icon.png
0000003393,File:Crystal Focus inventory icon.png
0000003395,File:Ming's Heart inventory icon.png
0000003400,File:Raging Spirits inventory icon.png
0000003402,File:Comet inventory icon.png
0000003405,File:Unearth inventory icon.png
0000003406,File:Spark inventory icon.png
0000003410,File:Artificer's Shard inventory icon.png
0000003460,File:Vaal Cuirass inventory icon.png
0000003467,File:Kaom's Heart inventory icon.png
0000003484,File:Silk Robe inventory icon.png
0000003485,File:Keth Raiment inventory icon.png
0000003486,File:Tattered Robe inventory icon.png
0000003487,File:Votive Raiment inventory icon.png
0000003488,File:Altar Robe inventory icon.png
0000003490,File:Steepe.png
0000003491,File:The Clasped Entry.jpeg
0000003495,File:Savannah.png
0000003497,File:Savannah boss.png
0000003503,File:Burial bog.png
0000003508,File:Backwash.png
0000003510,File:Backwash boss.png
0000003517,File:Mire map.png
0000003519,File:Seepage map.png
0000003520,File:Seepage boss.png
0000003521,File:Omen Sceptre inventory icon.png
0000003522,File:Stoic Sceptre inventory icon.png
0000003523,File:Shrine Sceptre (Cold) inventory icon.png
0000003524,File:Shrine Sceptre (Fire) inventory icon.png
0000003525,File:Shrine Sceptre (Lightning) inventory icon.png
0000003526,File:Augury map.png
0000003527,File:Augury lever.png
0000003528,File:Long Quarterstaff inventory icon.png
0000003529,File:Steelpoint Quarterstaff inventory icon.png
0000003530,File:Slicing Quarterstaff inventory icon.png
0000003531,File:Barrier Quarterstaff inventory icon.png
0000003532,File:Morior Invictus inventory icon.png
0000003533,File:Against the Darkness inventory icon.png
0000003534,File:Falling Thunder inventory icon.png
0000003535,File:Falling Thunder skill icon.png
0000003539,File:Blessed Bonds inventory icon.png
0000003543,File:Armour Piercing Rounds skill icon.png
0000003556,File:Soul Core of Xopec inventory icon.png
0000003557,File:Soul Core of Opiloti inventory icon.png
0000003558,File:Soul Core of Topotante inventory icon.png
0000003559,File:Soul Core of Ticaba inventory icon.png
0000003560,File:Soul Core of Tzamoto inventory icon.png
0000003561,File:Soul Core of Atmohua inventory icon.png
0000003562,File:Soul Core of Azcapa inventory icon.png
0000003563,File:Soul Core of Jiquani inventory icon.png
0000003564,File:Soul Core of Citaqualotl inventory icon.png
0000003565,File:Soul Core of Zalatl inventory icon.png
0000003566,File:Soul Core of Zantipi inventory icon.png
0000003567,File:Soul Core of Tacati inventory icon.png
0000003568,File:Soul Core of Quipolatl inventory icon.png
0000003569,File:Soul Core of Puhuarte inventory icon.png
0000003570,File:Soul Core of Cholotl inventory icon.png
0000003571,File:Level up icon small.png
0000003572,File:IntelligenceIcon small.png
0000003573,File:StrengthIcon small.png
0000003574,File:DexterityIcon small.png
0000003575,File:Guiding Palm of the Eye inventory icon.png
0000003576,File:Boneshatter skill icon.png
0000003577,File:Guiding Palm of the Heart inventory icon.png
0000003578,File:Guiding Palm of the Mind inventory icon.png
0000003579,File:The Dark Defiler inventory icon.png
0000003581,File:Boneshatter inventory icon.png
0000003583,File:Queen of the Forest inventory icon.png
0000003584,File:Rawhide Boots inventory icon.png
0000003585,File:Armour Piercing Rounds inventory icon.png
0000003586,File:Earthquake skill icon.png
0000003587,File:Earthquake inventory icon.png
0000003588,File:Killing Palm skill icon.png
0000003589,File:Killing Palm inventory icon.png
0000003590,File:Lightning Arrow skill icon.png
0000003591,File:Lightning Arrow inventory icon.png
0000003592,File:Poisonburst Arrow skill icon.png
0000003593,File:Poisonburst Arrow inventory icon.png
0000003595,File:Rolling Slam skill icon.png
0000003596,File:Rolling Slam inventory icon.png
0000003597,File:Woodland.png
0000003598,File:Crypt map.png
0000003606,File:Abyss map.png
0000003610,File:Uncut Spirit Gem inventory icon.png
0000003612,File:Bloodwood map.png
0000003615,File:Tabula Rasa inventory icon.png
0000003616,File:Skeletal Warrior inventory icon.png
0000003617,File:Skeletal Sniper inventory icon.png
0000003618,File:High Velocity Rounds inventory icon.png
0000003619,File:Gas Grenade inventory icon.png
0000003620,File:Ice Shards inventory icon.png
0000003621,File:Pain Offering inventory icon.png
0000003622,File:Raise Zombie inventory icon.png
0000003623,File:Freezing Mark inventory icon.png
0000003624,File:Gas Arrow inventory icon.png
0000003625,File:Charged Staff inventory icon.png
0000003626,File:Skeletal Reaver inventory icon.png
0000003627,File:Bone Offering inventory icon.png
0000003628,File:Skeletal Storm Mage inventory icon.png
0000003629,File:Ancestral Warrior Totem inventory icon.png
0000003630,File:Flicker Strike inventory icon.png
0000003635,File:Slick map.png
0000003642,File:Blooming field map.png
0000003644,File:Hive map.png
0000003650,File:Escape Shot inventory icon.png
0000003651,File:Escape Shot skill icon.png
0000003663,File:Withering Presence inventory icon.png
0000003664,File:Gilded Vestments inventory icon.png
0000003665,File:Hardwood Spear inventory icon.png
0000003666,File:Elemental Army inventory icon.png
0000003667,File:Beaded Circlet inventory icon.png
0000003668,File:Holy Descent inventory icon.png
0000003669,File:Chain Tiara inventory icon.png
0000003671,File:Pelt Leggings inventory icon.png
0000003672,File:Burnished Gauntlets inventory icon.png
0000003673,File:Twig Focus inventory icon.png
0000003674,File:Antler Focus inventory icon.png
0000003675,File:Engraved Focus inventory icon.png
0000003676,File:Tonal Focus inventory icon.png
0000003677,File:Voodoo Focus inventory icon.png
0000003678,File:Plumed Focus inventory icon.png
0000003679,File:Crude Bow inventory icon.png
0000003680,File:Expert Dualstring Bow inventory icon.png
0000003681,File:Dualstring Bow inventory icon.png
0000003682,File:Cultist Bow inventory icon.png
0000003683,File:Zealot Bow inventory icon.png
0000003685,File:Ashen Staff inventory icon.png
0000003686,File:Gelid Staff inventory icon.png
0000003688,File:Breach Tablet inventory icon.png
0000003689,File:Delirium Tablet inventory icon.png
0000003690,File:Expedition Tablet inventory icon.png
0000003691,File:Ritual Tablet inventory icon.png
0000003694,File:Essence of Battle inventory icon.png
0000003695,File:Essence of Electricity inventory icon.png
0000003696,File:Essence of Enhancement inventory icon.png
0000003697,File:Essence of Flames inventory icon.png
0000003698,File:Essence of Haste inventory icon.png
0000003699,File:Essence of Ice inventory icon.png
0000003700,File:Essence of Ruin inventory icon.png
0000003701,File:Essence of Sorcery inventory icon.png
0000003702,File:Essence of the Body inventory icon.png
0000003703,File:Essence of the Infinite inventory icon.png
0000003704,File:Essence of the Mind inventory icon.png
0000003705,File:Essence of Torment inventory icon.png
0000003706,File:Greater Essence of Battle inventory icon.png
0000003707,File:Greater Essence of Electricity inventory icon.png
0000003708,File:Greater Essence of Enhancement inventory icon.png
0000003709,File:Greater Essence of Flames inventory icon.png
0000003710,File:Greater Essence of Haste inventory icon.png
0000003711,File:Greater Essence of Ice inventory icon.png
0000003712,File:Greater Essence of Ruin inventory icon.png
0000003713,File:Greater Essence of Sorcery inventory icon.png
0000003714,File:Greater Essence of the Body inventory icon.png
0000003715,File:Greater Essence of the Infinite inventory icon.png
0000003716,File:Greater Essence of the Mind inventory icon.png
0000003717,File:Greater Essence of Torment inventory icon.png
0000003718,File:Chance Shard inventory icon.png
0000003719,File:Transmutation Shard inventory icon.png
0000003721,File:Flame Wall inventory icon.png
0000003722,File:Flame Wall skill icon.png
0000003723,File:Liquid Despair inventory icon.png
0000003724,File:Liquid Disgust inventory icon.png
0000003725,File:Liquid Envy inventory icon.png
0000003726,File:Concentrated Liquid Fear inventory icon.png
0000003727,File:Diluted Liquid Greed inventory icon.png
0000003728,File:Diluted Liquid Guilt inventory icon.png
0000003729,File:Diluted Liquid Ire inventory icon.png
0000003730,File:Concentrated Liquid Isolation inventory icon.png
0000003731,File:Liquid Paranoia inventory icon.png
0000003732,File:Concentrated Liquid Suffering inventory icon.png
0000003734,File:Body Rune inventory icon.png
0000003735,File:Desert Rune inventory icon.png
0000003736,File:Glacial Rune inventory icon.png
0000003737,File:Inspiration Rune inventory icon.png
0000003738,File:Iron Rune inventory icon.png
0000003739,File:Mind Rune inventory icon.png
0000003740,File:Rebirth Rune inventory icon.png
0000003741,File:Stone Rune inventory icon.png
0000003742,File:Storm Rune inventory icon.png
0000003743,File:Vision Rune inventory icon.png
0000003744,File:Omen of Amelioration inventory icon.png
0000003745,File:Omen of Corruption inventory icon.png
0000003746,File:Omen of Dextral Alchemy inventory icon.png
0000003747,File:Omen of Dextral Annulment inventory icon.png
0000003748,File:Omen of Dextral Coronation inventory icon.png
0000003749,File:Omen of Dextral Erasure inventory icon.png
0000003750,File:Omen of Dextral Exaltation inventory icon.png
0000003751,File:Omen of Greater Annulment inventory icon.png
0000003752,File:Omen of Greater Exaltation inventory icon.png
0000003753,File:Omen of Refreshment inventory icon.png
0000003754,File:Omen of Resurgence inventory icon.png
0000003755,File:Omen of Sinistral Alchemy inventory icon.png
0000003756,File:Omen of Sinistral Annulment inventory icon.png
0000003757,File:Omen of Sinistral Coronation inventory icon.png
0000003758,File:Omen of Sinistral Erasure inventory icon.png
0000003759,File:Omen of Sinistral Exaltation inventory icon.png
0000003760,File:Omen of Whittling inventory icon.png
0000003761,File:Adaptive Catalyst inventory icon.png
0000003762,File:Carapace Catalyst inventory icon.png
0000003763,File:Esh's Catalyst inventory icon.png
0000003764,File:Chayula's Catalyst inventory icon.png
0000003765,File:Flesh Catalyst inventory icon.png
0000003766,File:Neural Catalyst inventory icon.png
0000003767,File:Reaver Catalyst inventory icon.png
0000003768,File:Sibilant Catalyst inventory icon.png
0000003769,File:Skittering Catalyst inventory icon.png
0000003770,File:Tul's Catalyst inventory icon.png
0000003771,File:Uul-Netol's Catalyst inventory icon.png
0000003772,File:Xoph's Catalyst inventory icon.png
0000003774,File:Frost Bomb inventory icon.png
0000003775,File:Frost Bomb skill icon.png
0000003777,File:Ruby inventory icon.png
0000003778,File:Emerald inventory icon.png
0000003779,File:Sapphire inventory icon.png
0000003780,File:Time-Lost Ruby inventory icon.png
0000003781,File:Time-Lost Emerald inventory icon.png
0000003782,File:Time-Lost Sapphire inventory icon.png
0000003783,File:Magnified Area I inventory icon.png
0000003784,File:Second Wind I inventory icon.png
0000003785,File:Compressed Duration I inventory icon.png
0000003786,File:Cold Penetration inventory icon.png
0000003787,File:Prolonged Duration I inventory icon.png
0000003788,File:Feeding Frenzy I inventory icon.png
0000003789,File:Corpse Conservation inventory icon.png
0000003790,File:Fire Attunement inventory icon.png
0000003791,File:Fire Penetration I inventory icon.png
0000003793,File:Immolate inventory icon.png
0000003795,File:Fire Exposure inventory icon.png
0000003796,File:Hourglass inventory icon.png
0000003797,File:Spell Cascade inventory icon.png
0000003798,File:Leverage inventory icon.png
0000003799,File:Amethyst Charm inventory icon.png
0000003800,File:Antidote Charm inventory icon.png
0000003801,File:Dousing Charm inventory icon.png
0000003802,File:Golden Charm inventory icon.png
0000003803,File:Grounding Charm inventory icon.png
0000003804,File:Ruby Charm inventory icon.png
0000003805,File:Sapphire Charm inventory icon.png
0000003806,File:Staunching Charm inventory icon.png
0000003807,File:Stone Charm inventory icon.png
0000003808,File:Thawing Charm inventory icon.png
0000003809,File:Topaz Charm inventory icon.png
0000003810,File:Waystone (Tier 1) inventory icon.png
0000003811,File:Waystone (Tier 10) inventory icon.png
0000003812,File:Waystone (Tier 11) inventory icon.png
0000003813,File:Waystone (Tier 13) inventory icon.png
0000003814,File:Waystone (Tier 12) inventory icon.png
0000003815,File:Waystone (Tier 14) inventory icon.png
0000003816,File:Waystone (Tier 15) inventory icon.png
0000003817,File:Waystone (Tier 16) inventory icon.png
0000003818,File:Waystone (Tier 2) inventory icon.png
0000003819,File:Waystone (Tier 3) inventory icon.png
0000003820,File:Waystone (Tier 4) inventory icon.png
0000003821,File:Waystone (Tier 5) inventory icon.png
0000003822,File:Waystone (Tier 6) inventory icon.png
0000003823,File:Waystone (Tier 7) inventory icon.png
0000003824,File:Waystone (Tier 8) inventory icon.png
0000003825,File:Waystone (Tier 9) inventory icon.png
0000003827,File:Murderous Intent inventory icon.png
0000003829,File:Charge Profusion I inventory icon.png
0000003831,File:Premediation inventory icon.png
0000003835,File:Perpetual Charge inventory icon.png
0000003837,File:Bombard Crossbow inventory icon.png
0000003838,File:Construct Crossbow inventory icon.png
0000003839,File:Blackfire Crossbow inventory icon.png
0000003840,File:Daedalian Crossbow inventory icon.png
0000003841,File:Makeshift Crossbow inventory icon.png
0000003845,File:Spell Echo inventory icon.png
0000003846,File:Inexorable Critical I inventory icon.png
0000003847,File:Mist Whisper inventory icon.png
0000003848,File:Breach Splinter inventory icon.png
0000003849,File:Breachstone inventory icon.png
0000003851,File:Simulacrum (map fragment) inventory icon.png
0000003852,File:Simulacrum Splinter inventory icon.png
0000003853,File:An Audience with the King inventory icon.png
0000003854,File:Expedition Logbook inventory icon.png
0000003856,File:Sulphuric caverns map.png
0000003862,File:Shock Siphon inventory icon.png
0000003864,File:Rising Tempest inventory icon.png
0000003866,File:Mana Leech inventory icon.png
0000003868,File:Infernal Legion I inventory icon.png
0000003870,File:Cooldown Recovery I inventory icon.png
0000003874,File:Mail Vestments inventory icon.png
0000003876,File:Reinforced Totems I inventory icon.png
0000003878,File:Shaman Mantle inventory icon.png
0000003879,File:Life Leech I inventory icon.png
0000003880,File:Ironclad Vestments inventory icon.png
0000003882,File:Sacrificial Mantle inventory icon.png
0000003884,File:Longshot I inventory icon.png
0000003887,File:Maim (support gem) inventory icon.png
0000003890,File:Momentum inventory icon.png
0000003892,File:Potential inventory icon.png
0000003894,File:Practiced Combo inventory icon.png
0000003896,File:Pilgrim Vestments inventory icon.png
0000003898,File:Raging Cry inventory icon.png
0000003903,File:Ricochet I inventory icon.png
0000003905,File:Armour Break I inventory icon.png
0000003907,File:Sturdy Crossbow inventory icon.png
0000003909,File:Potent Exposure inventory icon.png
0000003910,File:Wildfire inventory icon.png
0000003913,File:Sacrificial Offering inventory icon.png
0000003917,File:Astral Projection inventory icon.png
0000003919,File:Behead I inventory icon.png
0000003921,File:Biting Frost I inventory icon.png
0000003923,File:Cannibalism I inventory icon.png
0000003925,File:Energy Capacitor inventory icon.png
0000003927,File:Chaos Attunement inventory icon.png
0000003929,File:Chaos Mastery inventory icon.png
0000003931,File:Chaotic Freeze inventory icon.png
0000003933,File:Cold Exposure inventory icon.png
0000003935,File:Cold Mastery inventory icon.png
0000003937,File:Culmination I inventory icon.png
0000003939,File:Culling Strike I inventory icon.png
0000003940,File:Straw Sandals inventory icon.png
0000003942,File:Cursed Ground inventory icon.png
0000003943,File:Wrapped Sandals inventory icon.png
0000003944,File:Lattice Sandals inventory icon.png
0000003945,File:Silk Slippers inventory icon.png
0000003946,File:Feathered Sandals inventory icon.png
0000003948,File:Danse Macabre inventory icon.png
0000003950,File:Padded Leggings inventory icon.png
0000003951,File:Dazing Cry inventory icon.png
0000003953,File:Deadly Poison I inventory icon.png
0000003955,File:Deep Cuts I inventory icon.png
0000003957,File:Lasting Ground inventory icon.png
0000003960,File:Secured Leggings inventory icon.png
0000003961,File:Discombobulate inventory icon.png
0000003963,File:Drain Ailments inventory icon.png
0000003965,File:Elemental Focus inventory icon.png
0000003967,File:Energy Retention inventory icon.png
0000003968,File:Enraged Warcry I inventory icon.png
0000003971,File:Execrate inventory icon.png
0000003973,File:Extraction inventory icon.png
0000003975,File:Fire Mastery inventory icon.png
0000003977,File:Font of Rage inventory icon.png
0000003979,File:Fork (support gem) inventory icon.png
0000003980,File:Frostfire inventory icon.png
0000003983,File:Hex Bloom inventory icon.png
0000003985,File:Physical Mastery inventory icon.png
0000003986,File:Life Bounty inventory icon.png
0000003989,File:Lightning Exposure inventory icon.png
0000003991,File:Lightning Mastery inventory icon.png
0000003993,File:Long Fuse I inventory icon.png
0000003995,File:Mana Bounty inventory icon.png
0000003998,File:Mobility inventory icon.png
0000004000,File:Neural Overload inventory icon.png
0000004002,File:Nimble Reload inventory icon.png
0000004004,File:Overcharge inventory icon.png
0000004006,File:Payload inventory icon.png
0000004011,File:Rageforged I inventory icon.png
0000004013,File:Rupture inventory icon.png
0000004014,File:Raise Zombie skill icon.png
0000004016,File:Searing Flame I inventory icon.png
0000004020,File:Soul Drain inventory icon.png
0000004022,File:Stormfire inventory icon.png
0000004025,File:Upheaval I inventory icon.png
0000004027,File:Wildshards I inventory icon.png
0000004028,File:Efficiency I inventory icon.png
0000004031,File:Arcane Surge (support gem) inventory icon.png
0000004032,File:Projectile Acceleration I inventory icon.png
0000004033,File:Ambush inventory icon.png
0000004034,File:Ammo Conservation I inventory icon.png
0000004040,File:Oasis map.png
0000004070,File:Steaming springs map.png
0000004071,File:Steaming springs boss.png
0000004073,File:Ravine map.png
0000004074,File:Blistering Bond inventory icon.png
0000004130,File:Blue support gem placeholder inventory icon.png
0000004131,File:Bloodlust inventory icon.png
0000004132,File:Bursting Plague inventory icon.png
0000004133,File:Break Endurance inventory icon.png
0000004134,File:Red support gem placeholder inventory icon.png
0000004135,File:Concentrated Area inventory icon.png
0000004136,File:Crescendo I inventory icon.png
0000004137,File:Escalating Poison inventory icon.png
0000004138,File:Cold Attunement inventory icon.png
0000004139,File:Shock (support gem) inventory icon.png
0000004140,File:Chain I inventory icon.png
0000004141,File:Controlled Destruction inventory icon.png
0000004142,File:Corrosion inventory icon.png
0000004143,File:Corrupting Cry I inventory icon.png
0000004144,File:Combo Finisher I inventory icon.png
0000004145,File:Clarity I inventory icon.png
0000004146,File:Decaying Hex inventory icon.png
0000004147,File:Projectile Deceleration I inventory icon.png
0000004148,File:Deep Freeze inventory icon.png
0000004149,File:Double Barrel I inventory icon.png
0000004150,File:Poison I inventory icon.png
0000004151,File:Expanse inventory icon.png
0000004152,File:Eternal Flame I inventory icon.png
0000004153,File:Energy Barrier inventory icon.png
0000004154,File:Green support gem placeholder inventory icon.png
0000004155,File:Slow Potency inventory icon.png
0000004156,File:Execute I inventory icon.png
0000004157,File:Fortress I inventory icon.png
0000004158,File:Frost Nexus inventory icon.png
0000004159,File:Fist of War I inventory icon.png
0000004160,File:Freeze (support gem) inventory icon.png
0000004161,File:Heightened Curse inventory icon.png
0000004162,File:Impact Shockwave inventory icon.png
0000004163,File:Impending Doom inventory icon.png
0000004164,File:Ignite I inventory icon.png
0000004165,File:Jagged Ground I inventory icon.png
0000004166,File:Lifetap inventory icon.png
0000004167,File:Life Drain inventory icon.png
0000004168,File:Lockdown inventory icon.png
0000004169,File:Lasting Shock inventory icon.png
0000004170,File:Bleed I inventory icon.png
0000004171,File:Lightning Attunement inventory icon.png
0000004172,File:Meat Shield I inventory icon.png
0000004173,File:Rapid Attacks I inventory icon.png
0000004174,File:Minion Instability inventory icon.png
0000004175,File:Overabundance I inventory icon.png
0000004176,File:Stun I inventory icon.png
0000004177,File:Pin I inventory icon.png
0000004178,File:Pierce I inventory icon.png
0000004179,File:Ruthless inventory icon.png
0000004180,File:Rage I inventory icon.png
0000004182,File:Multishot I inventory icon.png
0000004184,File:Heft inventory icon.png
0000004186,File:Stomping Ground inventory icon.png
0000004187,File:Swift Affliction I inventory icon.png
0000004188,File:Unleash inventory icon.png
0000004189,File:Unbreakable inventory icon.png
0000004190,File:Vitality I inventory icon.png
0000004191,File:Withering Touch inventory icon.png
0000004192,File:Wind Wave inventory icon.png
0000004193,File:Bind Spectre inventory icon.png
0000004194,File:Cast on Minion Death inventory icon.png
0000004195,File:Ice Nova inventory icon.png
0000004196,File:Skeletal Brute inventory icon.png
0000004197,File:Skeletal Cleric inventory icon.png
0000004198,File:Aftershock I inventory icon.png
0000004199,File:Urgent Totems I inventory icon.png
0000004200,File:Armour Explosion inventory icon.png
0000004201,File:Auto Reload inventory icon.png
0000004202,File:Blind I inventory icon.png
0000004203,File:Knockback (support gem) inventory icon.png
0000004204,File:Break Posture inventory icon.png
0000004205,File:Heightened Accuracy I inventory icon.png
0000004206,File:Considered Casting inventory icon.png
0000004207,File:Shock Conduction I inventory icon.png
0000004210,File:Armour Demolisher I inventory icon.png
0000004211,File:Devastate inventory icon.png
0000004212,File:Electrocute (support gem) inventory icon.png
0000004213,File:Excise inventory icon.png
0000004214,File:Exploit Weakness inventory icon.png
0000004215,File:Ferocity inventory icon.png
0000004216,File:Fiery Death inventory icon.png
0000004217,File:Font of Blood inventory icon.png
0000004218,File:Font of Mana inventory icon.png
0000004219,File:Fresh Clip I inventory icon.png
0000004220,File:Glacier inventory icon.png
0000004221,File:Heavy Swing inventory icon.png
0000004222,File:Herbalism I inventory icon.png
0000004223,File:Hinder (support gem) inventory icon.png
0000004224,File:Icicle inventory icon.png
0000004225,File:Intense Agony inventory icon.png
0000004226,File:Lightning Penetration inventory icon.png
0000004227,File:Gold inventory icon.png
0000004229,File:Boundless Energy I inventory icon.png
0000004231,File:Premeditation inventory icon.png
0000004232,File:Window of Opportunity I inventory icon.png
0000004236,File:Powertread inventory icon.png
0000004237,File:Redflare Conduit inventory icon.png
0000004238,File:Voll's Protector inventory icon.png
0000004239,File:Shavronne's Satchel inventory icon.png
0000004240,File:Birthright Buckle inventory icon.png
0000004243,File:Byrnabas inventory icon.png
0000004244,File:Soul Tether inventory icon.png
0000004245,File:Infernoclasp inventory icon.png
0000004246,File:Ryslatha's Coil inventory icon.png
0000004247,File:Coward's Legacy inventory icon.png
0000004248,File:Ingenuity inventory icon.png
0000004249,File:Fine Belt inventory icon.png
0000004290,File:Fallen Dekhara.png
0000004293,File:Bone Raiment inventory icon.png
0000004298,File:The Beast Act 2.png
0000004299,File:Leather Vest inventory icon.png
0000004300,File:Vaal factory boss.png
0000004301,File:Vaal factory map.png
0000004302,File:Ingenuity (belt) inventory icon.png
0000004306,File:Titan statue - ancient vows.jpg
0000004316,File:Vaal foundry map.png
0000004322,File:Fortress map.png
0000004324,File:Fortress boss.png
0000004333,File:Decay map.png
0000004340,File:Crypt boss.png
0000004346,File:Lofty summit boss.png
0000004354,File:Lofty summit map.png
0000004356,File:Sacrificial Lamb I inventory icon.png
0000004357,File:Rusted Greathelm inventory icon.png
0000004358,File:Soldier Greathelm inventory icon.png
0000004359,File:Wrapped Greathelm inventory icon.png
0000004360,File:Spired Greathelm inventory icon.png
0000004361,File:Elite Greathelm inventory icon.png
0000004362,File:Warrior Greathelm inventory icon.png
0000004363,File:Shabby Hood inventory icon.png
0000004364,File:Felt Cap inventory icon.png
0000004365,File:Lace Hood inventory icon.png
0000004366,File:Swathed Cap inventory icon.png
0000004367,File:Hunter Hood inventory icon.png
0000004368,File:Viper Cap inventory icon.png
0000004369,File:Twig Circlet inventory icon.png
0000004370,File:Wicker Tiara inventory icon.png
0000004371,File:Feathered Tiara inventory icon.png
0000004372,File:Gold Circlet inventory icon.png
0000004373,File:Guarded Helm inventory icon.png
0000004374,File:Cowled Helm inventory icon.png
0000004375,File:Shielded Helm inventory icon.png
0000004377,File:Visored Helm inventory icon.png
0000004378,File:Iron Crown inventory icon.png
0000004379,File:Cultist Crown inventory icon.png
0000004380,File:Martyr Crown inventory icon.png
0000004381,File:Heavy Crown inventory icon.png
0000004382,File:Spiritbone Crown inventory icon.png
0000004383,File:Hewn Mask inventory icon.png
0000004385,File:Face Mask inventory icon.png
0000004386,File:Hooded Mask inventory icon.png
0000004387,File:Veiled Mask inventory icon.png
0000004388,File:Tribal Mask inventory icon.png
0000004389,File:Wings of Caelyn inventory icon.png
0000004390,File:Ezomyte Peak inventory icon.png
0000004391,File:Black Sun Crest inventory icon.png
0000004392,File:Thrillsteel inventory icon.png
0000004393,File:Deidbell inventory icon.png
0000004394,File:Corona of the Red Sun inventory icon.png
0000004410,File:Temporalis inventory icon.png
0000004411,File:Cloak of Flame inventory icon.png
0000004412,File:Wondertrap inventory icon.png
0000004413,File:Wanderlust inventory icon.png
0000004435,File:Crowbill onhis perch.jpg
0000004436,File:Crowbell end location wmap.jpg
0000004438,File:Hidden grotto map.png
0000004441,File:Willow map.png
0000004450,File:Forge boss.png
0000004451,File:Forge map.png
0000004469,File:Cenotes map.png
0000004473,File:Zerphi's Genesis inventory icon.png
0000004474,File:From Nothing inventory icon.png
0000004475,File:Dream Fragments inventory icon.png
0000004476,File:Kalandra's Touch inventory icon.png
0000004477,File:Polcirkeln inventory icon.png
0000004478,File:Levinstone inventory icon.png
0000004479,File:The Burrower inventory icon.png
0000004480,File:Blackflame inventory icon.png
0000004481,File:Original Sin inventory icon.png
0000004482,File:Death Rush inventory icon.png
0000004483,File:Thief's Torment inventory icon.png
0000004484,File:Heartbound Loop inventory icon.png
0000004485,File:Snakepit inventory icon.png
0000004486,File:Andvarius inventory icon.png
0000004487,File:Perandus Seal inventory icon.png
0000004488,File:Ventor's Gamble inventory icon.png
0000004491,File:Iron Cuirass inventory icon.png
0000004492,File:Bristleboar inventory icon.png
0000004494,File:Quilted Vest inventory icon.png
0000004495,File:Ashrend inventory icon.png
0000004496,File:Pathfinder Coat inventory icon.png
0000004498,File:Advanced Pathfinder Coat inventory icon.png
0000004500,File:Expert Pathfinder Coat inventory icon.png
0000004501,File:Rhoahide Coat inventory icon.png
0000004502,File:Briskwrap inventory icon.png
0000004504,File:Advanced Rhoahide Coat inventory icon.png
0000004505,File:Dustbloom inventory icon.png
0000004507,File:Advanced Studded Vest inventory icon.png
0000004509,File:Expert Studded Vest inventory icon.png
0000004510,File:Scout's Vest inventory icon.png
0000004511,File:The Rat Cage inventory icon.png
0000004513,File:Advanced Scout's Vest inventory icon.png
0000004514,File:Serpentscale Coat inventory icon.png
0000004515,File:Quatl's Molt inventory icon.png
0000004518,File:Death's Harp inventory icon.png
0000004519,File:Widowhail inventory icon.png
0000004520,File:Hermit Garb inventory icon.png
0000004521,File:Apron of Emiran inventory icon.png
0000004522,File:Waxed Jacket inventory icon.png
0000004523,File:Gloomform inventory icon.png
0000004527,File:Marabout Garb inventory icon.png
0000004528,File:Sierran Inheritance inventory icon.png
0000004530,File:Wayfarer Jacket inventory icon.png
0000004531,File:The Dancing Mirage inventory icon.png
0000004534,File:Anchorite Garb inventory icon.png
0000004536,File:Scalper's Jacket inventory icon.png
0000004539,File:Ghostwrithe inventory icon.png
0000004540,File:Controlled Metamorphosis inventory icon.png
0000004541,File:Prism of Belief inventory icon.png
0000004542,File:Bitterbloom inventory icon.png
0000004543,File:Grand Spectrum Ruby inventory icon.png
0000004544,File:Grand Spectrum Emerald inventory icon.png
0000004545,File:Grand Spectrum Sapphire inventory icon.png
0000004546,File:The Black Doubt inventory icon.png
0000004548,File:The Adorned inventory icon.png
0000004549,File:Bramblejack inventory icon.png
0000004551,File:Blackbraid inventory icon.png
0000004552,File:Edyrn's Tusks inventory icon.png
0000004553,File:The Road Warrior inventory icon.png
0000004555,File:Titanrot Cataphract inventory icon.png
0000004556,File:Wandering Reliquary inventory icon.png
0000004557,File:Kingsguard inventory icon.png
0000004558,File:Greed's Embrace inventory icon.png
0000004559,File:The Brass Dome inventory icon.png
0000004560,File:Necromantle inventory icon.png
0000004561,File:Prayers for Rain inventory icon.png
0000004562,File:Tetzlapokal's Desire inventory icon.png
0000004563,File:The Covenant inventory icon.png
0000004564,File:Coat of Red inventory icon.png
0000004565,File:The Barrow Dweller inventory icon.png
0000004566,File:Irongrasp inventory icon.png
0000004567,File:Pariah's Embrace inventory icon.png
0000004568,File:Belly of the Beast inventory icon.png
0000004569,File:Pragmatism inventory icon.png
0000004570,File:Doryani's Prototype inventory icon.png
0000004571,File:Perfidy inventory icon.png
0000004573,File:Enfolding Dawn inventory icon.png
0000004574,File:Icetomb inventory icon.png
0000004575,File:Reverie inventory icon.png
0000004576,File:Couture of Crimson inventory icon.png
0000004582,File:Vagabond Armour inventory icon.png
0000004583,File:The Vile Knight inventory icon.png
0000004584,File:Painter's Servant inventory icon.png
0000004585,File:Plaguefinger inventory icon.png
0000004586,File:Ungil's Harmony inventory icon.png
0000004588,File:Killjoy inventory icon.png
0000004589,File:Hand of Wisdom and Action inventory icon.png
0000004590,File:Gravebind inventory icon.png
0000004591,File:Shackles of the Wretched inventory icon.png
0000004592,File:Blueflame Bracers inventory icon.png
0000004593,File:Jarngreipr inventory icon.png
0000004594,File:Deathblow inventory icon.png
0000004595,File:Aerisvane's Wings inventory icon.png
0000004596,File:Torn Gloves inventory icon.png
0000004597,File:Aurseize inventory icon.png
0000004598,File:Sombre Gloves inventory icon.png
0000004599,File:Candlemaker inventory icon.png
0000004600,File:Demon Stitcher inventory icon.png
0000004601,File:Doedre's Tenure inventory icon.png
0000004602,File:Kitoko's Current inventory icon.png
0000004603,File:Idle Hands inventory icon.png
0000004604,File:Snakebite inventory icon.png
0000004605,File:Maligaro's Virtuosity inventory icon.png
0000004608,File:Lochtonial Caress inventory icon.png
0000004609,File:Treefingers inventory icon.png
0000004610,File:Atziri's Acuity inventory icon.png
0000004611,File:Stitched Gloves inventory icon.png
0000004612,File:Hateforge inventory icon.png
0000004613,File:Doedre's Damning inventory icon.png
0000004615,File:Jewelled Gloves inventory icon.png
0000004618,File:Intricate Gloves inventory icon.png
0000004622,File:Horns of Bynden inventory icon.png
0000004623,File:Innsmouth inventory icon.png
0000004624,File:Goldrim inventory icon.png
0000004625,File:Radiant Grief inventory icon.png
0000004626,File:Elevore inventory icon.png
0000004627,File:Alpha's Howl inventory icon.png
0000004628,File:Crown of Thorns inventory icon.png
0000004629,File:Visage of Ayah inventory icon.png
0000004630,File:The Devouring Diadem inventory icon.png
0000004631,File:Forbidden Gaze inventory icon.png
0000004632,File:Sandstorm Visage inventory icon.png
0000004633,File:Mask of the Stitched Demon inventory icon.png
0000004634,File:Atziri's Disdain inventory icon.png
0000004635,File:Greymake inventory icon.png
0000004636,File:The Smiling Knight inventory icon.png
0000004637,File:Assailum inventory icon.png
0000004641,File:Crown of the Victor inventory icon.png
0000004642,File:Bronzebeard inventory icon.png
0000004643,File:Crown of the Pale King inventory icon.png
0000004644,File:Veil of the Night inventory icon.png
0000004645,File:Cornathaum inventory icon.png
0000004646,File:Keeper of the Arc inventory icon.png
0000004647,File:The Hollow Mask inventory icon.png
0000004648,File:Leer Cast inventory icon.png
0000004649,File:Atsak's Sight inventory icon.png
0000004650,File:Mask of the Sanguimancer inventory icon.png
0000004651,File:The Vertex inventory icon.png
0000004652,File:The Three Dragons inventory icon.png
0000004653,File:Glimpse of Chaos inventory icon.png
0000004654,File:KeystoneEldritchBattery passive skill icon.png
0000004655,File:Corpsewade inventory icon.png
0000004656,File:Trampletoe inventory icon.png
0000004657,File:Birth of Fury inventory icon.png
0000004658,File:Briarpatch inventory icon.png
0000004659,File:Gamblesprint inventory icon.png
0000004660,File:Bushwhack inventory icon.png
0000004661,File:Thunderstep inventory icon.png
0000004663,File:Luminous Pace inventory icon.png
0000004664,File:Bones of Ullr inventory icon.png
0000004665,File:Windscream inventory icon.png
0000004666,File:The Knight-errant inventory icon.png
0000004667,File:Darkray Vectors inventory icon.png
0000004668,File:Obern's Bastion inventory icon.png
0000004670,File:Wake of Destruction inventory icon.png
0000004671,File:Ghostmarch inventory icon.png
0000004672,File:Beetlebite inventory icon.png
0000004673,File:Critical Weakness status icon.png
0000004675,File:Debuff frame.png
0000004676,File:Onslaught status icon.png
0000004679,File:Dionadair inventory icon.png
0000004680,File:Lycosidae inventory icon.png
0000004681,File:Wulfsbane inventory icon.png
0000004682,File:Doomgate inventory icon.png
0000004683,File:The Wailing Wall inventory icon.png
0000004684,File:The Surrender inventory icon.png
0000004685,File:Svalinn inventory icon.png
0000004688,File:Arvil's Wheel inventory icon.png
0000004689,File:Merit of Service inventory icon.png
0000004690,File:Feathered Fortress inventory icon.png
0000004691,File:Oaksworn inventory icon.png
0000004692,File:Alkem Eira inventory icon.png
0000004693,File:Saffell's Frame inventory icon.png
0000004694,File:Crest of Ardura inventory icon.png
0000004695,File:Mahuxotl's Machination inventory icon.png
0000004696,File:Omen Crest Shield inventory icon.png
0000004699,File:The Eternal Spark inventory icon.png
0000004700,File:Serpent's Lesson inventory icon.png
0000004701,File:Carrion Call inventory icon.png
0000004702,File:Threaded Light inventory icon.png
0000004703,File:Deathrattle inventory icon.png
0000004705,File:Olrovasara inventory icon.png
0000004710,File:Revered Resin inventory icon.png
0000004711,File:Rondel of Fragility inventory icon.png
0000004712,File:Idol of Uldurn inventory icon.png
0000004713,File:Igniferis inventory icon.png
0000004714,File:The Everlasting Gaze inventory icon.png
0000004715,File:Carnage Heart inventory icon.png
0000004716,File:Defiance of Destiny inventory icon.png
0000004717,File:Ligurium Talisman inventory icon.png
0000004718,File:The Anvil inventory icon.png
0000004719,File:Astramentis inventory icon.png
0000004720,File:Fixation of Yix inventory icon.png
0000004721,File:Beacon of Azis inventory icon.png
0000004722,File:Fireflower inventory icon.png
0000004723,File:Eye of Chayula inventory icon.png
0000004724,File:Serpent's Egg inventory icon.png
0000004725,File:Nazir's Judgement inventory icon.png
0000004726,File:Pillar of the Caged God inventory icon.png
0000004727,File:Matsya inventory icon.png
0000004728,File:Crackling Quarterstaff inventory icon.png
0000004729,File:Font of Power inventory icon.png
0000004730,File:Sacred Flame inventory icon.png
0000004731,File:The Burden of Shadows inventory icon.png
0000004732,File:Voltaic Staff inventory icon.png
0000004733,File:Pyrophyte Staff inventory icon.png
0000004734,File:Chiming Staff inventory icon.png
0000004735,File:Splintered Tower Shield inventory icon.png
0000004738,File:Heroic Tragedy inventory icon.png
0000004739,File:Raise Shield skill icon.png
0000004740,File:Skin of the Loyal inventory icon.png
0000004741,File:Sulphuric caverns boss.png
0000004744,File:Abyss boss.png
0000004745,File:Bone Cage inventory icon.png
0000004746,File:Bonestorm inventory icon.png
0000004747,File:Contagion inventory icon.png
0000004748,File:Dark Effigy inventory icon.png
0000004749,File:Despair inventory icon.png
0000004750,File:Detonate Dead inventory icon.png
0000004751,File:Enfeeble inventory icon.png
0000004752,File:Essence Drain inventory icon.png
0000004753,File:Hexblast inventory icon.png
0000004754,File:Profane Ritual inventory icon.png
0000004755,File:Skeletal Arsonist inventory icon.png
0000004756,File:Skeletal Frost Mage inventory icon.png
0000004757,File:Soul Offering inventory icon.png
0000004758,File:Vulnerability inventory icon.png
0000004759,File:Arc inventory icon.png
0000004760,File:Snap inventory icon.png
0000004761,File:Conductivity inventory icon.png
0000004762,File:Ember Fusillade inventory icon.png
0000004763,File:Fireball inventory icon.png
0000004764,File:Firestorm inventory icon.png
0000004765,File:Flameblast inventory icon.png
0000004766,File:Flammability (skill gem) inventory icon.png
0000004767,File:Frost Wall inventory icon.png
0000004768,File:Frostbolt inventory icon.png
0000004769,File:Hypothermia inventory icon.png
0000004770,File:Lightning Conduit inventory icon.png
0000004771,File:Lightning Warp inventory icon.png
0000004772,File:Mana Tempest inventory icon.png
0000004773,File:Orb of Storms inventory icon.png
0000004774,File:Solar Orb inventory icon.png
0000004775,File:Temporal Chains inventory icon.png
0000004776,File:Frozen Locus inventory icon.png
0000004777,File:Glacial Cascade inventory icon.png
0000004778,File:Hand of Chayula inventory icon.png
0000004779,File:Ice Strike inventory icon.png
0000004780,File:Mantra of Destruction inventory icon.png
0000004781,File:Shattering Palm inventory icon.png
0000004782,File:Siphoning Strike inventory icon.png
0000004783,File:Staggering Palm inventory icon.png
0000004784,File:Storm Wave inventory icon.png
0000004785,File:Tempest Bell inventory icon.png
0000004786,File:Tempest Flurry inventory icon.png
0000004787,File:Vaulting Impact inventory icon.png
0000004788,File:Wave of Frost inventory icon.png
0000004789,File:Whirling Assault inventory icon.png
0000004790,File:Wind Blast inventory icon.png
0000004791,File:Barrage inventory icon.png
0000004792,File:Detonating Arrow inventory icon.png
0000004793,File:Electrocuting Arrow inventory icon.png
0000004794,File:Ice Shot inventory icon.png
0000004795,File:Lightning Rod inventory icon.png
0000004796,File:Rain of Arrows inventory icon.png
0000004797,File:Shockchain Arrow inventory icon.png
0000004798,File:Snipe inventory icon.png
0000004799,File:Sniper's Mark inventory icon.png
0000004800,File:Stormcaller Arrow inventory icon.png
0000004801,File:Tornado Shot inventory icon.png
0000004802,File:Toxic Growth inventory icon.png
0000004803,File:Vine Arrow inventory icon.png
0000004804,File:Voltaic Mark inventory icon.png
0000004805,File:Ball Lightning inventory icon.png
0000004806,File:Eye of Winter inventory icon.png
0000004807,File:Freezing Salvo inventory icon.png
0000004808,File:Gathering Storm inventory icon.png
0000004809,File:Incinerate inventory icon.png
0000004810,File:Magnetic Salvo inventory icon.png
0000004811,File:Spiral Volley inventory icon.png
0000004812,File:Armour Breaker inventory icon.png
0000004813,File:Earthshatter inventory icon.png
0000004814,File:Hammer of the Gods inventory icon.png
0000004815,File:Infernal Cry inventory icon.png
0000004816,File:Leap Slam inventory icon.png
0000004817,File:Molten Blast inventory icon.png
0000004818,File:Perfect Strike inventory icon.png
0000004819,File:Resonating Shield inventory icon.png
0000004820,File:Seismic Cry inventory icon.png
0000004821,File:Shield Charge inventory icon.png
0000004822,File:Shield Wall inventory icon.png
0000004823,File:Shockwave Totem inventory icon.png
0000004824,File:Stampede inventory icon.png
0000004825,File:Sunder inventory icon.png
0000004826,File:Supercharged Slam inventory icon.png
0000004827,File:Volcanic Fissure inventory icon.png
0000004828,File:Siege Ballista inventory icon.png
0000004829,File:Cluster Grenade inventory icon.png
0000004830,File:Emergency Reload inventory icon.png
0000004831,File:Explosive Grenade inventory icon.png
0000004832,File:Explosive Shot inventory icon.png
0000004833,File:Flash Grenade inventory icon.png
0000004834,File:Fragmentation Rounds inventory icon.png
0000004835,File:Glacial Bolt inventory icon.png
0000004836,File:Hailstorm Rounds inventory icon.png
0000004837,File:Oil Grenade inventory icon.png
0000004838,File:Plasma Blast inventory icon.png
0000004839,File:Artillery Ballista inventory icon.png
0000004840,File:Shockburst Rounds inventory icon.png
0000004841,File:Siege Cascade inventory icon.png
0000004842,File:Stormblast Bolts inventory icon.png
0000004843,File:Voltaic Grenade inventory icon.png
0000004845,File:Galvanic Shards inventory icon.png
0000004846,File:Incendiary Shot inventory icon.png
0000004847,File:Permafrost Bolts inventory icon.png
0000004848,File:Rapid Shot inventory icon.png
0000004851,File:Burial bog boss.png
0000004861,File:Shambrin NPC screenshot.jpg
0000004863,File:Legacy of the Vaal quest icon.png
0000004864,File:Treasures of Utzaal quest icon.png
0000004865,File:The Slithering Dead quest icon.png
0000004866,File:Tribal Vengeance quest icon.png
0000004867,File:Cataclysm's Wake quest icon.png
0000004868,File:The Trials of Chaos quest icon.png
0000004869,File:Wounded Man NPC screenshot.jpg
0000004872,File:Renly NPC screenshot.jpg
0000004873,File:Ancestral Warrior Totem skill icon.png
0000004874,File:Bone Offering skill icon.png
0000004875,File:Cast on Minion Death skill icon.png
0000004876,File:Una NPC screenshot.jpg
0000004877,File:Freezing Mark skill icon.png
0000004878,File:Gas Arrow skill icon.png
0000004879,File:Gas Grenade skill icon.png
0000004880,File:High Velocity Rounds skill icon.png
0000004881,File:Finn NPC screenshot.jpg
0000004882,File:Ice Nova skill icon.png
0000004885,File:Ice Shards skill icon.png
0000004886,File:Skeletal Reaver skill icon.png
0000004887,File:Pain Offering skill icon.png
0000004888,File:Skeletal Brute skill icon.png
0000004889,File:Skeletal Cleric skill icon.png
0000004890,File:Skeletal Sniper skill icon.png
0000004891,File:Skeletal Storm Mage skill icon.png
0000004892,File:Skeletal Warrior skill icon.png
0000004893,File:Bind Spectre skill icon.png
0000004895,File:Withering Presence skill icon.png
0000004897,File:Item inventory icon.png
0000004898,File:Ascendancy inventory icon.png
0000004900,File:Summon Infernal Hound skill icon.png
0000004901,File:Flicker Strike skill icon.png
0000004903,File:Olroth's Resolve inventory icon.png
0000004904,File:Melting Maelstrom inventory icon.png
0000004906,File:Mana Flare inventory icon.png
0000004907,File:Solus Ipse inventory icon.png
0000004908,File:Sine Aequo inventory icon.png
0000004909,File:Ab Aeterno inventory icon.png
0000004911,File:Acrobatics passive skill icon.png
0000004912,File:Totemmax passive skill icon.png
0000004913,File:KeystoneAvatarOfFire passive skill icon.png
0000004914,File:KeystoneBloodMagic passive skill icon.png
0000004915,File:BulwarkKeystone passive skill icon.png
0000004916,File:KeystoneChaosInoculation passive skill icon.png
0000004918,File:Fracturing Mirror.png
0000004919,File:Maim status icon.png
0000004924,File:Exotic Coinage inventory icon.png
0000004926,File:Sectarian Crest Shield inventory icon.png
0000004927,File:Emblem Crest Shield inventory icon.png
0000004930,File:Jingling Crest Shield inventory icon.png
0000004944,File:Covered in Oil status icon.png
0000004946,File:Speed status icon.png
0000004948,File:BloodCloudDebuff.png
0000004950,File:Buff frame.png
0000004953,File:Albino Rhoa Feather inventory icon.png
0000004954,File:Loss of Morale Banner.png
0000004959,File:Sump map.png
0000004997,File:Elemental Discharge inventory icon.png
0000005000,File:Collapsing Horizon inventory icon.png
0000005003,File:Basic passive frame.png
0000005004,File:Keystone passive frame.png
0000005005,File:Notable passive frame.png
0000005006,File:Ascendancy basic passive frame.png
0000005007,File:Ascendancy notable passive frame.png
0000005010,File:Mail Sabatons inventory icon.png
0000005012,File:Iron Greaves inventory icon.png
0000005013,File:Bronze Greaves inventory icon.png
0000005014,File:Trimmed Greaves inventory icon.png
0000005015,File:Stone Greaves inventory icon.png
0000005016,File:Laced Boots inventory icon.png
0000005017,File:Embossed Boots inventory icon.png
0000005018,File:Steeltoe Boots inventory icon.png
0000005019,File:Lizardscale Boots inventory icon.png
0000005020,File:Braced Sabatons inventory icon.png
0000005021,File:Stacked Sabatons inventory icon.png
0000005022,File:Frayed Shoes inventory icon.png
0000005023,File:Threaded Shoes inventory icon.png
0000005024,File:Hunting Shoes inventory icon.png
0000005025,File:Barricade Tower Shield inventory icon.png
0000005026,File:Effigial Tower Shield inventory icon.png
0000005027,File:Rampart Tower Shield inventory icon.png
0000005028,File:Heraldric Tower Shield inventory icon.png
0000005029,File:Stone Tower Shield inventory icon.png
0000005030,File:Leather Buckler inventory icon.png
0000005031,File:Ringed Buckler inventory icon.png
0000005032,File:Pelage Targe inventory icon.png
0000005033,File:Studded Targe inventory icon.png
0000005034,File:Crescent Targe inventory icon.png
0000005035,File:Feathered Targe inventory icon.png
0000005036,File:Chiseled Targe inventory icon.png
0000005048,File:Arctic Armour skill icon.png
0000005049,File:Arctic Armour inventory icon.png
0000005051,File:Megalomaniac inventory icon.png
0000005054,File:Safrin's Resolve inventory icon.png
0000005055,File:Eshtera's Path inventory icon.png
0000005056,File:Zaida's Longevity inventory icon.png
0000005058,File:The Changing Seasons inventory icon.png
0000005060,File:The Peacemaker's Draught inventory icon.png
0000005067,File:The Copper Citadel atlas.png
0000005068,File:The Iron Citadel atlas.png
0000005069,File:The Stone Citadel atlas.jpg
0000005071,File:Rustbowl map.png
0000005072,File:Rustbowl boss.png
0000005074,File:Vase Relic inventory icon.png
0000005082,File:Rogue Armour inventory icon.png
0000005084,File:Explorer Armour inventory icon.png
0000005086,File:Scale Mail inventory icon.png
0000005093,File:Dull Hatchet inventory icon.png
0000005094,File:Hook Axe inventory icon.png
0000005100,File:Leap Slam skill icon.png
0000005116,File:Sampleequipmentinventory.png
0000005181,File:Burning Inscription inventory icon.png
0000005186,File:KeystoneElementalEquilibrium passive skill icon.png
0000005187,File:EternalYouth passive skill icon.png
0000005188,File:GiantBloodKeystone passive skill icon.png
0000005189,File:GlancingBlows passive skill icon.png
0000005191,File:HeartstopperKeystone passive skill icon.png
0000005192,File:KeystoneIronReflexes passive skill icon.png
0000005193,File:Heroicspirit passive skill icon.png
0000005194,File:NecromanticTalismanKeystone passive skill icon.png
0000005195,File:OasisKeystone2 passive skill icon.png
0000005196,File:KeystonePainAttunement passive skill icon.png
0000005197,File:KeystoneResoluteTechnique passive skill icon.png
0000005198,File:ResonanceKeystone passive skill icon.png
0000005199,File:KeystoneUnwaveringStance passive skill icon.png
0000005201,File:Vaalpact passive skill icon.png
0000005202,File:KeystoneWhispersOfDoom passive skill icon.png
0000005203,File:Liferegentoenergyshield passive skill icon.png
0000005204,File:KeystoneConduit passive skill icon.png
0000005205,File:DancewithDeathKeystone passive skill icon.png
0000005222,File:Ignite status icon.png
0000005226,File:JamanraRisenKing.png
0000005232,File:Seismic Cry skill icon.png
0000005233,File:Contagion skill icon.png
0000005234,File:Essence Drain skill icon.png
0000005235,File:Shock status icon.png
0000005236,File:Skeletal Arsonist skill icon.png
0000005237,File:Skeletal Frost Mage skill icon.png
0000005238,File:Bleed status icon.png
0000005240,File:Poison status icon.png
0000005241,File:Chill status icon.png
0000005242,File:Freeze status icon.png
0000005243,File:Frozen status icon.png
0000005244,File:Electrocute status icon.png
0000005245,File:Electrocuted status icon.png
0000005247,File:SpiderDebuff.png
0000005250,File:Creek map.png
0000005251,File:Willow boss.png
0000005252,File:Lachlann NPC screenshot.jpg
0000005262,File:Spined Bracers inventory icon.png
0000005263,File:Gauze Wraps inventory icon.png
0000005264,File:Bolstered Mitts inventory icon.png
0000005265,File:Aged Cuffs inventory icon.png
0000005266,File:Sectioned Bracers inventory icon.png
0000005267,File:Stocky Mitts inventory icon.png
0000005268,File:Riveted Mitts inventory icon.png
0000005269,File:Tempered Mitts inventory icon.png
0000005270,File:Moulded Mitts inventory icon.png
0000005271,File:Firm Bracers inventory icon.png
0000005272,File:Bound Bracers inventory icon.png
0000005273,File:Fine Bracers inventory icon.png
0000005274,File:Layered Gauntlets inventory icon.png
0000005275,File:Doubled Gauntlets inventory icon.png
0000005276,File:Rope Cuffs inventory icon.png
0000005277,File:Goldcast Cuffs inventory icon.png
0000005278,File:Linen Wraps inventory icon.png
0000005279,File:Spiral Wraps inventory icon.png
0000005280,File:Chain Mail inventory icon.png
0000005290,File:Spider woods boss.png
0000005291,File:Spider woods map.png
0000005294,File:Skysliver inventory icon.png
0000005300,File:Redbeak inventory icon.png
0000005301,File:Winter's Bite inventory icon.png
0000005304,File:Shortsword inventory icon.png
0000005305,File:Light Halberd inventory icon.png
0000005306,File:Bidding I inventory icon.png
0000005307,File:Tremors inventory icon.png
0000005308,File:Strugglescream inventory icon.png
0000005309,File:Charged Staff skill icon.png
0000005310,File:Ezomyte Infiltration quest icon.png
0000005311,File:The Pinnacle of Flame quest icon.png
0000005312,File:Faridun Foray quest icon.png
0000005313,File:Vaal Incursion quest icon.png
0000005316,File:Winged Spear inventory icon.png
0000005317,File:Ironhead Spear inventory icon.png
0000005318,File:Power Awaits You quest icon.png
0000005319,File:Test of Cunning Barya inventory icon.png
0000005320,File:Test of Will Barya inventory icon.png
0000005321,File:Test of Time Barya inventory icon.png
0000005323,File:Test of Strength Barya inventory icon.png
0000005337,File:Irradiated Tablet inventory icon.png
0000005340,File:Indicator frame.png
0000005341,File:Fire Shrine status icon.png
0000005343,File:Frostbolt skill icon.png
0000005344,File:Ziggurat Map Device inventory icon.png
0000005349,File:Canal Lever screenshot.png
0000005350,File:The Hooded One NPC screenshot.jpg
0000005351,File:Wetlands map.png
0000005357,File:Leitis NPC screenshot.jpg
0000005359,File:Blooming field boss.png
0000005368,File:Acceleration Shrine status icon.png
0000005369,File:Brutal Shrine status icon.png
0000005370,File:Defence Shrine status icon.png
0000005371,File:Replenishing Shrine status icon.png
0000005372,File:Diamond Shrine status icon.png
0000005373,File:Lightning Shrine status icon.png
0000005374,File:Freezing Shrine status icon.png
0000005375,File:Shrouded Shrine status icon.png
0000005376,File:Skeletal Shrine status icon.png
0000005377,File:Echoing Shrine status icon.png
0000005378,File:Curses Shrine status icon.png
0000005379,File:Massive Shrine status icon.png
0000005380,File:Divine Shrine status icon.png
0000005381,File:Resistance Shrine status icon.png
0000005382,File:Charged Shrine status icon.png
0000005383,File:Greed Shrine status icon.png
0000005384,File:Tsoagoth Shrine status icon.png
0000005390,File:Sump boss.png
0000005403,File:Mire boss.png
0000005413,File:Wind Blast skill icon.png
0000005414,File:Armour Breaker skill icon.png
0000005419,File:Hinder status icon.png
0000005422,File:Caustic Ground.png
0000005423,File:Caustic Ground status icon.png
0000005424,File:Caustic Ground (Purple Spores) status icon.png
0000005425,File:TwistOfFateAtlas (AtlasTrees) passive skill icon.png
0000005426,File:Untainted paradise map.png
0000005427,File:Deserted map.png
0000005465,File:Zarka NPC screenshot.jpg
0000005470,File:Acolyte of Chayula avatar.png
0000005473,File:Blood Mage avatar.png
0000005474,File:Chronomancer avatar.png
0000005475,File:Deadeye avatar.png
0000005476,File:Gemling Legionnaire avatar.png
0000005477,File:Infernalist avatar.png
0000005478,File:Invoker avatar.png
0000005479,File:Mercenary character class.png
0000005480,File:Monk character class.png
0000005481,File:Pathfinder avatar.png
0000005482,File:Ranger character class.png
0000005483,File:Sorceress character class.png
0000005484,File:Stormweaver avatar.png
0000005485,File:Titan avatar.png
0000005486,File:Warbringer avatar.png
0000005487,File:Warrior character class.png
0000005488,File:Witch character class.png
0000005489,File:Witchhunter avatar.png
0000005490,File:Placeholder character class.png
0000005493,File:Finn portrait.png
0000005494,File:Renly portrait.png
0000005496,File:Una portrait.png
0000005497,File:Lachlann portrait.png
0000005511,File:Wounded Man portrait.png
0000005513,File:Leitis portrait.png
0000005514,File:The Hooded One portrait.png
0000005515,File:Shambrin portrait.png
0000005516,File:Zarka portrait.png
0000005517,File:Risu portrait.png
0000005518,File:Asala portrait.png
0000005519,File:Balbala portrait.png
0000005523,File:Smuggler Coat inventory icon.png
0000005524,File:Knight Armour inventory icon.png
0000005526,File:Closed Helm inventory icon.png
0000005527,File:Crucible Tower Shield inventory icon.png
0000005528,File:Solid Mask inventory icon.png
0000005535,File:Channel map.png
0000005547,File:Item UI header currency left.png
0000005548,File:Item UI header currency middle.png
0000005549,File:Item UI header currency right.png
0000005550,File:Item UI header quest left.png
0000005551,File:Item UI header quest middle.png
0000005552,File:Item UI header quest right.png
0000005554,File:Mineshaft boss.png
0000005555,File:Mineshaft map.png
0000005558,File:Ghost Dance skill icon.png
0000005560,File:Ghost Dance inventory icon.png
0000005561,File:Rain of Arrows skill icon.png
0000005604,File:Mitigation vs Armour.png
0000005605,File:EHP vs Hit.png
0000005614,File:Passive Skills preview.png
0000005619,File:PercentMitigatedDmg 0.1.0e.png
0000005622,File:Character Selection Window.png
0000005623,File:Currency Exchange.png
0000005624,File:Premium Stash Tab.png
0000005630,"File:Atalui, Blood Priestess.png"
0000005632,"File:Ketzuli, Architect of Time.png"
0000005705,File:Order Artifact inventory icon.png
0000005707,File:Sun Artifact inventory icon.png
0000005709,File:Broken Circle Artifact inventory icon.png
0000005711,File:Black Scythe Artifact inventory icon.png
0000005714,File:Rog NPC screenshot.png
0000005715,File:Tujen NPC screenshot.png
0000005716,File:Gwendolyn Albright NPC screenshot.jpg
0000005717,File:Alva NPC screenshot.jpg
0000005718,File:Gwennen NPC screenshot.png
0000005719,File:Alva portrait.png
0000005720,File:Servi portrait.png
0000005721,File:Servi NPC screenshot.jpg
0000005722,File:Oswald NPC screenshot.jpg
0000005723,File:Oswald portrait.png
0000005726,File:Expedition poe 2 excavated chests screenshot.png
0000005728,File:The Trialmaster NPC screenshot.jpg
0000005735,File:Expedition remnant marker.png
0000005738,File:Tujen Belt Crafting Purchase.png
0000005739,File:Tujen Belt Crafting Before.png
0000005740,File:Tujen Belt Crafting After.png
0000005741,File:Tujen Belt Crafting Add.png
0000005742,File:Rog Armour Crafting Purchase.png
0000005743,File:Rog Armour Crafting Before.png
0000005744,File:Rog Life Mod Upgrade After.png
0000005755,File:Cauldron Keeper NPC screenshot.png
0000005758,File:Gothic city map.png
0000005759,File:Penitentiary map.png
0000005760,File:Iron citadel map.png
0000005768,File:Help.svg
0000005775,"File:Asinia, the Praetor's Consort.png"
0000005777,"File:Draven, the Eternal Praetor.png"
0000005778,File:Endgame Map Legend.png
0000005786,File:Weathered Crisis Fragment inventory icon.png
0000005787,File:Faded Crisis Fragment inventory icon.png
0000005788,File:Ancient Crisis Fragment inventory icon.png
0000005792,File:Item UI separator currency.png
0000005793,File:Item UI separator gem.png
0000005794,File:Item UI separator quest.png
0000005797,File:Item UI header gem.png
0000005817,File:LuckyCritRolls.png
0000005818,File:Lucky.PNG
0000005825,File:The Trail of Corruption quest icon.png
0000005828,File:The Riverbank area screenshot.jpg
0000005866,File:Count Geonor.png
0000005912,File:Tempest Flurry skill icon.png
0000005914,File:Attack weapon example normal.png
0000005916,File:Attack weapon example rare.png
0000005917,File:Leaden Greathammer damage highlighted.png
0000005918,File:Attack weapon example unique.png
0000005933,File:Attack weapon example elemental.png
0000005971,File:Shattering Concoction skill icon.png
0000006038,File:RelicAltarUnlocked.png
0000006056,File:Chaos Bolt skill icon.png
0000006058,File:Mana Drain skill icon.png
0000006059,File:Demon Form skill icon.png
0000006070,File:Magma Barrier skill icon.png
0000006071,File:Magma Barrier inventory icon.png
0000006075,File:Cast on Block skill icon.png
0000006095,File:Chaos resistance monster icon.png
0000006096,File:Chaos resistance weak monster icon.png
0000006097,File:Lightning resistance weak monster icon.png
0000006098,File:Lightning resistance monster icon.png
0000006099,File:Cold resistance monster icon.png
0000006100,File:Cold resistance weak monster icon.png
0000006101,File:Fire resistance weak monster icon.png
0000006102,File:Fire resistance monster icon.png
0000006103,File:Physical resistance monster icon.png
0000006108,File:Physical resistance weak monster icon.png
0000006109,File:Physical resistance strong monster icon.png
0000006110,File:Chaos resistance strong monster icon.png
0000006111,File:Cold resistance strong monster icon.png
0000006112,File:Fire resistance strong monster icon.png
0000006113,File:Lightning resistance strong monster icon.png
0000006116,File:Bone Blast skill icon.png
0000006139,File:Power Siphon skill icon.png
0000006141,File:Volatile Dead skill icon.png
0000006158,File:Firebolt skill icon.png
0000006161,File:Blood Globules Ultimatum.png
0000006164,File:Blood Mist Ultimatum.png
0000006166,File:Burning Turrets Ultimatum.png
0000006167,File:Chaotic Monsters Ultimatum.png
0000006168,File:Deadly Monsters Ultimatum.png
0000006170,File:Damaged Defences Ultimatum.png
0000006171,File:Drought Ultimatum.png
0000006172,File:Enraged Bosses Ultimatum.png
0000006173,File:Entangling Monsters Ultimatum.png
0000006174,File:Escalating Damage Taken Ultimatum.png
0000006176,File:Heart Tethers Ultimatum.png
0000006177,File:Impending Doom Ultimatum.png
0000006178,File:Lessened Reach Ultimatum.png
0000006180,File:Lethal Rare Monsters Ultimatum.png
0000006181,File:Monster Speed Ultimatum.png
0000006182,File:Occasional Impotence Ultimatum.png
0000006184,File:Petrification Statues Ultimatum.png
0000006186,File:Random Projectiles Ultimatum.png
0000006187,File:Reduced Recovery Ultimatum.png
0000006188,File:Reduced Resistances Ultimatum.png
0000006189,File:Shielding Monsters Ultimatum.png
0000006191,File:Resistant Monsters Ultimatum.png
0000006193,File:Shocking Turrets Ultimatum.png
0000006194,File:Stalking Shade Ultimatum.png
0000006195,File:Stormcaller Runes Ultimatum.png
0000006196,File:Temple Traps Ultimatum.png
0000006197,File:Time Paradox Ultimatum.png
0000006198,File:Toxic Monsters Ultimatum.png
0000006199,File:Unstoppable Monsters Ultimatum.png
0000006200,File:Vaal Omnitect Ultimatum.png
0000006201,File:Volatile Fiends Ultimatum.png
0000006203,"File:Olroth, Origin of the Fall.png"
0000006215,File:Fireball skill icon.png
0000006218,File:Herald of Ash inventory icon.png
0000006219,File:Herald of Ash skill icon.png
0000006222,File:Bearded Axe inventory icon.png
0000006223,File:Pict Claw inventory icon.png
0000006224,File:Simple Dagger inventory icon.png
0000006225,File:Clay Trap inventory icon.png
0000006231,File:Herald of Ice inventory icon.png
0000006232,File:Herald of Ice skill icon.png
0000006234,File:Herald of Thunder inventory icon.png
0000006235,File:Herald of Thunder skill icon.png
0000006239,File:Flameblast skill icon.png
0000006256,File:Glimpse of Chaos 8 special enchantments.png
0000006265,File:Mausoleum of the Praetor area screenshot.png
0000006280,File:Poe2mob risenRattler.png
0000006281,File:Poe2mob cultistBrute.png
0000006282,File:Poe2mob carverShaman.png
0000006285,File:Bluetongue inventory icon.png
0000006286,File:Crude Claw inventory icon.png
0000006288,File:Wolfbane Claw inventory icon.png
0000006290,File:Forked Claw inventory icon.png
0000006292,File:Plated Claw inventory icon.png
0000006294,File:Edged Claw inventory icon.png
0000006295,File:Arced Claw inventory icon.png
0000006297,File:Hooked Claw inventory icon.png
0000006299,File:Razorglass Claw inventory icon.png
0000006301,File:Sharktooth Claw inventory icon.png
0000006303,File:Armoured Claw inventory icon.png
0000006305,File:Piercing Claw inventory icon.png
0000006307,File:Talon Claw inventory icon.png
0000006331,File:Chayula's Grasp Rare Finisher Effect inventory icon.png
0000006351,File:ProwlingShade.jpeg
0000006355,File:The Immortan inventory icon.png
0000006381,File:Erian's Cobble inventory icon.png
0000006382,File:Ironride inventory icon.png
0000006383,File:Myris Uxor inventory icon.png
0000006387,File:Overseer Tablet inventory icon.png
0000006403,File:River hag.png
0000006406,File:Traitor's Passage Balbala.png
0000006412,File:The Lost City tomb.png
0000006413,File:Act3Sacrifice loading screen.png
0000006414,File:Atlasloadingscreen loading screen.png
0000006415,File:Caravan loading screen.png
0000006416,File:Graveyard loading screen.png
0000006417,File:CaravanLandscape loading screen.png
0000006418,File:OldForest loading screen.png
0000006419,File:ChaosTempleTrial loading screen.png
0000006420,File:Village loading screen.png
0000006421,File:TrialofSekhemas loading screen.png
0000006423,File:Atlasloadingscreen.png
0000006424,File:Caravanlandscape.png
0000006425,File:Caravan.png
0000006426,File:Chaostempletrial.png
0000006427,File:Graveyard.png
0000006428,File:Oldforest.png
0000006429,File:Trialofsekhemas.png
0000006430,File:Village.png
0000006436,File:Tomb of Ahkeli.png
0000006439,File:Bone Pits entrance.png
0000006441,File:Mastodon Tusk inventory icon.png
0000006443,File:Drought status icon.png
0000006445,File:No-quality-cs.png
0000006446,File:20-quality-cs.png
0000006447,File:No-quality-sigil.png
0000006448,File:20-quality-sigil.png
0000006468,File:Sapping Ritual Altar.png
0000006474,File:Town area icon.png
0000006475,File:No waypoint area icon.png
0000006476,File:Waypoint area icon.png
0000006477,File:Underground no waypoint area icon.png
0000006478,File:Underground waypoint area icon.png
0000006529,File:Vaulting Impact skill icon.webp
0000006530,File:PercentMitigatedDmg 0.1.1b.png
0000006599,File:Cursedeathtollicon.png
0000006603,File:Curseghastlyscytheicon.png
0000006604,File:Curseorbofnegationicon.png
0000006605,File:Cursebluntswordicon.png
0000006606,File:Cursechainofbindingicon.png
0000006607,File:Afflictiondishonouredtattooicon.png
0000006608,File:Cursefiendishwingsicon.png
0000006609,File:Cursehungryfangsicon.png
0000006610,File:Afflictionlowriversicon.png
0000006611,File:Cursesharpenedarrowheadicon.png
0000006613,File:Cursespikedentranceicon.png
0000006614,File:Cursespikedshellicon.png
0000006615,File:Afflictionsuspectedsympathisericon.png
0000006617,File:Afflictiontradetariffficon.png
0000006618,File:Afflictiontraditionsdemandicon.png
0000006620,File:Afflictionweakenedfleshicon.png
0000006621,File:Afflictionwinterdroughticon.png
0000006630,File:Boonsmallclaygolemicon.png
0000006631,File:Boonallseeingeyeicon.png
0000006633,File:Booncrystalshardicon.png
0000006634,File:Boondekharasresolveicon.png
0000006635,File:Boonwarriorstatueicon.png
0000006636,File:Boongarukhanstatueicon.png
0000006638,File:Boonholywatericon.png
0000006639,File:Boonimperialsealicon.png
0000006640,File:Boonmarakethleatherarmouricon.png
0000006642,File:Boonraincallingstafficon.png
0000006643,File:Boongoldfragmentgifticon.png
0000006644,File:Boonholydescryicon.png
0000006645,File:Boonadrenalinevialicon.png
0000006646,File:Boonassassinsbladeicon.png
0000006648,File:Boonbalbalasmaskicon.png
0000006649,File:Boonblackpearlicon.png
0000006650,File:Boongoldfragmentriverbentrivericon.png
0000006651,File:Boonenchantedurnicon.png
0000006653,File:Boongoldfragmentrivericon.png
0000006654,File:Boonfountainofyouthicon.png
0000006655,File:Boonfrightmaskicon.png
0000006657,File:Boongloworbicon.png
0000006658,File:Boonharefooticon.png
0000006659,File:Boongoldfragmentheroineicon.png
0000006660,File:Boonlustrouslacquericon.png
0000006661,File:Boonlustrouspearlicon.png
0000006662,File:Boonmirroroffortuneicon.png
0000006663,File:Boonclothfragmenttreeicon.png
0000006664,File:Boonorbalastatueicon.png
0000006665,File:Boonfancydaggericon.png
0000006667,File:Boonsanguinevialicon.png
0000006669,File:Boonsliverchaliceicon.png
0000006670,File:Boonsilvertongueicon.png
0000006671,File:Boonscryingcrystalicon.png
0000006672,File:Boongoldtrophyicon.png
0000006673,File:Boonviciousichoricon.png
0000006686,File:Cursecorrosiveconcoctionicon.png
0000006687,File:Curseglassshardicon.png
0000006688,File:Curseunassumingbrickicon.png
0000006689,File:Afflictionunquenchedthirsticon.png
0000006690,File:Curseveiledsighticon.png
0000006691,File:Curseheightenedsecurityicon.png
0000006692,File:Curseblacksmokeicon.png
0000006693,File:Afflictionbrandedbalbalakhicon.png
0000006694,File:Cursechiselledstoneicon.png
0000006695,File:Cursedarkpiticon.png
0000006696,File:Cursemirroricon.png
0000006697,File:Afflictionforgottentraditionsicon.png
0000006698,File:Cursegoldensmokeicon.png
0000006699,File:Cursehaemorrhageicon.png
0000006700,File:Cursehonedclawsicon.png
0000006701,File:Curseironmanaclesicon.png
0000006702,File:Afflictionleakingwaterskinicon.png
0000006703,File:Cursepurplesmokeicon.png
0000006704,File:Curserapidquicksandicon.png
0000006705,File:Curseredsmokeicon.png
0000006706,File:Curseshatteredshieldicon.png
0000006707,File:Cursetatteredblindfoldicon.png
0000006708,File:Afflictionuntouchableicon.png
0000006709,File:Cursewornsandalsicon.png
0000006710,File:Afflictioncostlyaidicon.png
0000006808,File:Intimidate status icon.png
0000006809,File:Blind status icon.png
0000006810,File:Corrupted Blood status icon.png
0000006811,File:Ziggurat sun status icon.png
0000006812,File:Withered status icon.png
0000006813,File:Infernal Cry skill icon.png
0000006814,File:Shockwave Totem skill icon.png
0000006815,File:Ice Strike skill icon.png
0000006816,File:Permafrost Bolts skill icon.png
0000006817,File:Resonating Shield skill icon.png
0000006818,File:Shield Charge skill icon.png
0000006819,File:Shield Wall skill icon.png
0000006820,File:Fragmentation Rounds skill icon.png
0000006821,File:Explosive Grenade skill icon.png
0000006822,File:Dark Effigy skill icon.png
0000006823,File:Lightning Bolt skill icon.png
0000006824,File:Living Bomb skill icon.png
0000006825,File:Vaulting Impact skill icon.png
0000006826,File:Archmage skill icon.png
0000006827,File:Detonate Dead skill icon.png
0000006828,File:Sigil of Power skill icon.png
0000006829,File:Despair skill icon.png
0000006830,File:Greater Lightning Bolt skill icon.png
0000006831,File:Temporal Chains skill icon.png
0000006832,File:Freezing Shards skill icon.png
0000006833,File:Ancestral Spirits skill icon.png
0000006834,File:Bleeding Concoction skill icon.png
0000006835,File:Explosive Concoction skill icon.png
0000006836,File:Fulminating Concoction skill icon.png
0000006838,File:Acidic Concoction skill icon.png
0000006920,File:XDELITAx.png
0000007235,File:Solar Lance inventory icon.png
0000007236,File:Forked Spear inventory icon.png
0000007237,File:Splinter of Lorrata inventory icon.png
0000007238,File:The Dancing Dervish inventory icon.png
0000007239,File:Scimitar inventory icon.png
0000007240,File:Bonestorm skill icon.png
0000007241,File:Archmage inventory icon.png
0000007242,File:Crone Knife inventory icon.png
0000007243,File:Charred Shortsword inventory icon.png
0000007244,File:Broadsword inventory icon.png
0000007245,File:Extended Cleaver inventory icon.png
0000007246,File:Bandit Hatchet inventory icon.png
0000007247,File:Crescent Axe inventory icon.png
0000007248,File:Arched Greataxe inventory icon.png
0000007249,File:Executioner Greataxe inventory icon.png
0000007250,File:Corroded Longsword inventory icon.png
0000007251,File:Broad Greatsword inventory icon.png
0000007252,File:Blessed Claymore inventory icon.png
0000007253,File:Iron Greatsword inventory icon.png
0000007254,File:Glass Shank inventory icon.png
0000007255,File:Bloodletting Dagger inventory icon.png
0000007256,File:Elegant Glaive inventory icon.png
0000007257,File:Hunting Spear inventory icon.png
0000007258,File:Moon Dagger inventory icon.png
0000007259,File:Skinning Knife inventory icon.png
0000007260,File:War Spear inventory icon.png
0000007261,File:Sacrificial Axe inventory icon.png
0000007262,File:Splitting Greataxe inventory icon.png
0000007263,File:Rippled Greatsword inventory icon.png
0000007264,File:Vampiric Blade inventory icon.png
0000007265,File:Spriggan Staff inventory icon.png
0000007278,File:Arc skill icon.png
0000007279,File:Ball Lightning skill icon.png
0000007280,File:Conductivity skill icon.png
0000007281,File:Bone Cage skill icon.png
0000007282,File:Electrocuting Arrow skill icon.png
0000007283,File:Gathering Storm skill icon.png
0000007284,File:Hand of Chayula skill icon.png
0000007285,File:Hexblast skill icon.png
0000007286,File:Siege Ballista skill icon.png
0000007287,File:Cluster Grenade skill icon.png
0000007288,File:Detonating Arrow skill icon.png
0000007289,File:Ember Fusillade skill icon.png
0000007290,File:Explosive Shot skill icon.png
0000007291,File:Firestorm skill icon.png
0000007292,File:Incinerate skill icon.png
0000007293,File:Lightning Conduit skill icon.png
0000007294,File:Lightning Warp skill icon.png
0000007295,File:Magnetic Salvo skill icon.png
0000007296,File:Mana Tempest skill icon.png
0000007297,File:Mantra of Destruction skill icon.png
0000007298,File:Molten Blast skill icon.png
0000007299,File:Oil Grenade skill icon.png
0000007300,File:Orb of Storms skill icon.png
0000007301,File:Perfect Strike skill icon.png
0000007302,File:Profane Ritual skill icon.png
0000007303,File:Rapid Shot skill icon.png
0000007304,File:Shockburst Rounds skill icon.png
0000007305,File:Shockchain Arrow skill icon.png
0000007306,File:Siege Cascade skill icon.png
0000007307,File:Siphoning Strike skill icon.png
0000007308,File:Sniper's Mark skill icon.png
0000007309,File:Solar Orb skill icon.png
0000007310,File:Staggering Palm skill icon.png
0000007311,File:Stormblast Bolts skill icon.png
0000007312,File:Stormcaller Arrow skill icon.png
0000007313,File:Tornado Shot skill icon.png
0000007314,File:Toxic Growth skill icon.png
0000007315,File:Vine Arrow skill icon.png
0000007316,File:Volcanic Fissure skill icon.png
0000007317,File:Voltaic Grenade skill icon.png
0000007318,File:Voltaic Mark skill icon.png
0000007319,File:Vulnerability skill icon.png
0000007320,File:Barrage skill icon.png
0000007321,File:Snap skill icon.png
0000007322,File:Earthshatter skill icon.png
0000007323,File:Emergency Reload skill icon.png
0000007324,File:Enfeeble skill icon.png
0000007325,File:Eye of Winter skill icon.png
0000007326,File:Flammability skill icon.png
0000007327,File:Freezing Salvo skill icon.png
0000007328,File:Frost Wall skill icon.png
0000007329,File:Frozen Locus skill icon.png
0000007330,File:Glacial Bolt skill icon.png
0000007331,File:Glacial Cascade skill icon.png
0000007332,File:Hailstorm Rounds skill icon.png
0000007333,File:Hammer of the Gods skill icon.png
0000007334,File:Hypothermia skill icon.png
0000007335,File:Ice Shot skill icon.png
0000007340,File:Shattering Palm skill icon.png
0000007341,File:Stampede skill icon.png
0000007342,File:Sunder skill icon.png
0000007343,File:Supercharged Slam skill icon.png
0000007344,File:Tempest Bell skill icon.png
0000007345,File:Wave of Frost skill icon.png
0000007346,File:Crossbow Shot skill icon.png
0000007347,File:Temporal Bubble status icon.png
0000007348,File:Plasma Blast skill icon.png
0000007350,File:Lightning Rod skill icon.png
0000007351,File:Snipe skill icon.png
0000007352,File:Soul Offering skill icon.png
0000007353,File:Whirling Assault skill icon.png
0000007354,File:Spiral Volley skill icon.png
0000007355,File:Galvanic Shards skill icon.png
0000007356,File:Artillery Ballista skill icon.png
0000007357,File:Grim Feast skill icon.png
0000007358,File:Mana Remnants skill icon.png
0000007359,File:Plague Bearer skill icon.png
0000007360,File:Scavenged Plating skill icon.png
0000007361,File:Wind Dancer skill icon.png
0000007362,File:War Banner skill icon.png
0000007363,File:Barrier Invocation skill icon.png
0000007364,File:Blasphemy skill icon.png
0000007365,File:Combat Frenzy skill icon.png
0000007366,File:Cast on Ignite skill icon.png
0000007367,File:Cast on Freeze skill icon.png
0000007368,File:Cast on Shock skill icon.png
0000007369,File:Cast on Dodge skill icon.png
0000007370,File:Cast on Critical skill icon.png
0000007371,File:Defiance Banner skill icon.png
0000007372,File:Dread Banner skill icon.png
0000007373,File:Elemental Invocation skill icon.png
0000007374,File:Herald of Plague skill icon.png
0000007375,File:Lingering Illusion skill icon.png
0000007376,File:Overwhelming Presence skill icon.png
0000007377,File:Shard Scavenger skill icon.png
0000007378,File:Time of Need skill icon.png
0000007379,File:Attrition skill icon.png
0000007380,File:Alchemist's Boon skill icon.png
0000007381,File:Berserk skill icon.png
0000007382,File:Blink skill icon.png
0000007383,File:Charge Regulation skill icon.png
0000007384,File:Elemental Conflux skill icon.png
0000007385,File:Reaper's Invocation skill icon.png
0000007386,File:Sacrifice skill icon.png
0000007388,File:Grim Feast inventory icon.png
0000007389,File:Blasphemy inventory icon.png
0000007390,File:War Banner inventory icon.png
0000007391,File:Berserk inventory icon.png
0000007392,File:Attrition inventory icon.png
0000007393,File:Alchemist's Boon inventory icon.png
0000007394,File:Cast on Shock inventory icon.png
0000007395,File:Cast on Ignite inventory icon.png
0000007396,File:Cast on Freeze inventory icon.png
0000007397,File:Cast on Dodge inventory icon.png
0000007398,File:Cast on Critical inventory icon.png
0000007399,File:Elemental Invocation inventory icon.png
0000007400,File:Elemental Conflux inventory icon.png
0000007401,File:Dread Banner inventory icon.png
0000007402,File:Defiance Banner inventory icon.png
0000007403,File:Charge Regulation inventory icon.png
0000007404,File:Reaper's Invocation inventory icon.png
0000007405,File:Herald of Plague inventory icon.png
0000007406,File:Sacrifice inventory icon.png
0000007407,File:Lingering Illusion inventory icon.png
0000007408,File:Shard Scavenger inventory icon.png
0000007409,File:Scavenged Plating inventory icon.png
0000007410,File:Time of Need inventory icon.png
0000007411,File:Overwhelming Presence inventory icon.png
0000007412,File:Combat Frenzy inventory icon.png
0000007413,File:Plague Bearer inventory icon.png
0000007414,File:Wind Dancer inventory icon.png
0000007415,File:Mana Remnants inventory icon.png
0000007416,File:Blink inventory icon.png
0000007417,File:Barrier Invocation inventory icon.png
0000007418,File:Time Snap skill icon.png
0000007419,File:Time Freeze skill icon.png
0000007420,File:Temporal Rift skill icon.png
0000007421,File:Elemental Storm skill icon.png
0000007422,File:Elemental Expression skill icon.png
0000007423,File:Life Remnants skill icon.png
0000007424,File:Into the Breach skill icon.png
0000007425,File:Unbound Avatar skill icon.png
0000007426,File:Meditate skill icon.png
0000007427,File:Sorcery Ward skill icon.png
0000007428,File:Encase in Jade skill icon.png
0000007429,File:Decompose skill icon.png
0000007430,File:Flash Grenade skill icon.png
0000007431,File:Storm Wave skill icon.png
0000007432,File:Discipline skill icon.png
0000007433,File:Malice skill icon.png
0000007434,File:Purity of Fire skill icon.png
0000007435,File:Purity of Ice skill icon.png
0000007436,File:Purity of Lightning skill icon.png
0000007445,File:Bow Shot skill icon.png
0000007457,File:Punch skill icon.png
0000007458,File:Quarterstaff Strike skill icon.png
0000007459,File:Mace Strike 1H skill icon.png
0000007481,File:Incendiary Shot skill icon.png
0000007526,File:Precursor Tower interface.png
0000007548,File:Demigod's Virtue inventory icon.png
0000007570,File:Ritualist portrait.png
0000007571,File:Amazon portrait.png
0000007572,File:Huntress portrait.png
0000007573,File:Smith of Kitava portrait.png
0000007574,File:Lich portrait.png
0000007575,File:Tactician portrait.png
0000007595,File:Amazon official art.jpg
0000007596,File:Ritualist official art.jpg
0000007597,File:Smith of Kitava official art.jpg
0000007598,File:Lich official art.jpg
0000007599,File:Tactician official art.jpg
0000007614,File:Dawn of the Hunt logo.png
0000007615,File:RogueExilesCinematic.png
0000007655,File:Twilight Reliquary information.png
0000008070,File:Temporalistliferecoup (Temporalist) passive skill icon.png
0000008185,File:Spear Throw skill icon.png
0000008191,File:Broad Spear inventory icon.png
0000008193,File:Barbed Spear inventory icon.png
0000008198,File:Tyranny's Grip inventory icon.png
0000008199,File:Chainsting inventory icon.png
0000008201,File:Daevata's Wind inventory icon.png
0000008202,File:Saitha's Spear inventory icon.png
0000008206,File:Tangletongue inventory icon.png
0000008264,File:Stone of Lazhwar inventory icon.png
0000008265,File:Goregirdle inventory icon.png
0000008267,File:Elementalist Robe inventory icon.png
0000008268,File:Gloamgown inventory icon.png
0000008269,File:Soul Mantle inventory icon.png
0000008272,File:Cleric Vestments inventory icon.png
0000008273,File:The Fallen Formation inventory icon.png
0000008274,File:The Mutable Star inventory icon.png
0000008275,File:Widow's Reign inventory icon.png
0000008277,File:Waveshaper inventory icon.png
0000008278,File:Doomfletch inventory icon.png
0000008280,File:Slivertongue inventory icon.png
0000008281,File:Apep's Supremacy inventory icon.png
0000008282,File:Effigy of Cruelty inventory icon.png
0000008284,File:Dreadfist inventory icon.png
0000008287,File:Titan Mitts inventory icon.png
0000008288,File:Empire's Grasp inventory icon.png
0000008290,File:Essentia Sanguis inventory icon.png
0000008292,File:Pauascale Gloves inventory icon.png
0000008294,File:Nightscale inventory icon.png
0000008297,File:Plate Gauntlets inventory icon.png
0000008298,File:Valako's Vice inventory icon.png
0000008301,File:Diviner Cuffs inventory icon.png
0000008302,File:The Prisoner's Manacles inventory icon.png
0000008305,File:Fierce Greathelm inventory icon.png
0000008306,File:Blood Price inventory icon.png
0000008307,File:Heatshiver inventory icon.png
0000008308,File:Indigon inventory icon.png
0000008309,File:Scold's Bridle inventory icon.png
0000008310,File:Starkonja's Head inventory icon.png
0000008311,File:The Black Insignia inventory icon.png
0000008312,File:Nebuloch inventory icon.png
0000008313,File:Sculpted Suffering inventory icon.png
0000008314,File:The Lethal Draw inventory icon.png
0000008315,File:Rearguard inventory icon.png
0000008316,File:Evergrasping Ring inventory icon.png
0000008317,File:Gifts from Above inventory icon.png
0000008318,File:Icefang Orbit inventory icon.png
0000008319,File:Prized Pain inventory icon.png
0000008320,File:Venopuncture inventory icon.png
0000008321,File:Vigilant View inventory icon.png
0000008322,File:Redblade Banner inventory icon.png
0000008323,File:Window to Paradise inventory icon.png
0000008324,File:Sire of Shards inventory icon.png
0000008325,File:Cursecarver inventory icon.png
0000008326,File:The Wicked Quill inventory icon.png
0000008327,File:Shyaba inventory icon.png
0000008328,File:Tidebreaker inventory icon.png
0000008329,File:The Empty Roar inventory icon.png
0000008332,File:Velvet Cap inventory icon.png
0000008335,File:Magus Tiara inventory icon.png
0000008338,File:Jade Tiara inventory icon.png
0000008340,File:Leatherbound Hood inventory icon.png
0000008343,File:Corsair Cap inventory icon.png
0000008357,File:Calgyra's Arc inventory icon.png
0000008358,File:Spiked Buckler inventory icon.png
0000008359,File:Ridged Buckler inventory icon.png
0000008360,File:Iron Buckler inventory icon.png
0000008361,File:Plated Buckler inventory icon.png
0000008362,File:Wooden Buckler inventory icon.png
0000008363,File:Edged Buckler inventory icon.png
0000008364,File:Ornate Buckler inventory icon.png
0000008371,File:Array Buckler inventory icon.png
0000008372,File:Rondel de Ezo inventory icon.png
0000008373,File:Silverthorne inventory icon.png
0000008374,File:Sunsplinter inventory icon.png
0000008375,File:Bloodbarrier inventory icon.png
0000008376,File:Nocturne inventory icon.png
0000008377,File:Dunkelhalt inventory icon.png
0000008378,File:Chernobog's Pillar inventory icon.png
0000008379,File:Bijouborne inventory icon.png
0000008380,File:Beira's Anguish inventory icon.png
0000008381,File:Arakaali's Gift inventory icon.png
0000008382,File:Breath of the Mountains inventory icon.png
0000008383,File:For Utopia inventory icon.png
0000008384,File:Forsaken Bangle inventory icon.png
0000008385,File:Ngamahu's Chosen inventory icon.png
0000008386,File:Rite of Passage inventory icon.png
0000008387,File:Sanguis Heroum inventory icon.png
0000008388,File:The Black Cat inventory icon.png
0000008389,File:The Fall of the Axe inventory icon.png
0000008390,File:Valako's Roar inventory icon.png
0000008391,File:Voltaxic Rift inventory icon.png
0000008392,File:Rathpith Globe inventory icon.png
0000008393,File:The Deepest Tower inventory icon.png
0000008394,File:Mjölner inventory icon.png
0000008395,File:The Hammer of Faith inventory icon.png
0000008396,File:The Bringer of Rain inventory icon.png
0000008397,File:Crown of Eyes inventory icon.png
0000008398,File:Leopold's Applause inventory icon.png
0000008399,File:Prism Guardian inventory icon.png
0000008400,File:Sacrosanctum inventory icon.png
0000008401,File:Sands of Silk inventory icon.png
0000008402,File:Silks of Veneration inventory icon.png
0000008403,File:The Coming Calamity inventory icon.png
0000008404,File:Vis Mortis inventory icon.png
0000008405,File:Yriel's Fostering inventory icon.png
0000008406,File:Zerphi's Serape inventory icon.png
0000008407,File:Yoke of Suffering inventory icon.png
0000008408,File:Waistgate inventory icon.png
0000008409,File:The Gnashing Sash inventory icon.png
0000008410,File:Forgotten By Time inventory icon.png
0000008411,File:Season of the Hunt inventory icon.png
0000008412,File:Wraeclast Besieged inventory icon.png
0000008413,File:Freedom of Faith inventory icon.png
0000008414,File:Cruel Hegemony inventory icon.png
0000008415,File:The Grand Project inventory icon.png
0000008432,File:Nascent Hope inventory icon.png
0000008440,File:Havoc Raiment inventory icon.png
0000008441,File:Cloak of Defiance inventory icon.png
0000008444,File:Vermeil Circlet inventory icon.png
0000008454,File:Enlightened Robe inventory icon.png
0000008456,File:Decorated Helm inventory icon.png
0000008459,File:Plated Raiment inventory icon.png
0000008466,File:Death Articulated inventory icon.png
0000008468,File:Bursting Decay inventory icon.png
0000008469,File:Ixchel's Torment.png
0000008470,File:Ogham's Legacy.png
0000008471,File:Ventor's Contraption.png
0000008472,File:The Rain Festival.png
0000008497,File:Seaglass Spear inventory icon.png
0000008500,File:Lesser Body Rune inventory icon.png
0000008501,File:Lesser Desert Rune inventory icon.png
0000008502,File:Lesser Glacial Rune inventory icon.png
0000008503,File:Lesser Inspiration Rune inventory icon.png
0000008504,File:Lesser Iron Rune inventory icon.png
0000008505,File:Lesser Mind Rune inventory icon.png
0000008506,File:Lesser Rebirth Rune inventory icon.png
0000008507,File:Lesser Stone Rune inventory icon.png
0000008508,File:Lesser Storm Rune inventory icon.png
0000008509,File:Lesser Vision Rune inventory icon.png
0000008510,File:Brutality I inventory icon.png
0000008511,File:Impale (support gem) inventory icon.png
0000008512,File:Greater Body Rune inventory icon.png
0000008513,File:Greater Desert Rune inventory icon.png
0000008514,File:Greater Glacial Rune inventory icon.png
0000008515,File:Greater Inspiration Rune inventory icon.png
0000008516,File:Greater Iron Rune inventory icon.png
0000008517,File:Greater Mind Rune inventory icon.png
0000008518,File:Greater Rebirth Rune inventory icon.png
0000008519,File:Close Combat I inventory icon.png
0000008520,File:Ice Bite I inventory icon.png
0000008521,File:Innervate inventory icon.png
0000008522,File:Precision I inventory icon.png
0000008523,File:Greater Stone Rune inventory icon.png
0000008524,File:Greater Storm Rune inventory icon.png
0000008525,File:Greater Vision Rune inventory icon.png
0000008526,File:Greater Rune of Alacrity inventory icon.png
0000008527,File:Greater Rune of Leadership inventory icon.png
0000008528,File:Greater Rune of Nobility inventory icon.png
0000008529,File:Greater Rune of Tithing inventory icon.png
0000008530,File:Elemental Armament I inventory icon.png
0000008531,File:Supercritical inventory icon.png
0000008532,File:Blood in the Eyes inventory icon.png
0000008533,File:Blindside inventory icon.png
0000008534,File:Essence Harvest inventory icon.png
0000008535,File:Short Fuse I inventory icon.png
0000008537,File:Bear Idol inventory icon.png
0000008539,File:Boar Idol inventory icon.png
0000008540,File:Cat Idol inventory icon.png
0000008541,File:Fox Idol inventory icon.png
0000008542,File:Owl Idol inventory icon.png
0000008543,File:Ox Idol inventory icon.png
0000008544,File:Primate Idol inventory icon.png
0000008545,File:Rabbit Idol inventory icon.png
0000008546,File:Snake Idol inventory icon.png
0000008547,File:Stag Idol inventory icon.png
0000008548,File:Wolf Idol inventory icon.png
0000008550,File:Spire of Ire inventory icon.png
0000008551,File:Helix Spear inventory icon.png
0000008556,File:Parry skill icon.png
0000008559,File:Hyrri's Ire inventory icon.png
0000008560,File:Omen of Answered Prayers inventory icon.png
0000008561,File:Omen of Reinforcements inventory icon.png
0000008562,File:Omen of Secret Compartments inventory icon.png
0000008563,File:Omen of the Hunt inventory icon.png
0000008564,File:Essence of Hysteria inventory icon.png
0000008565,File:Essence of Horror inventory icon.png
0000008566,File:Essence of Insanity inventory icon.png
0000008567,File:Essence of Delirium inventory icon.png
0000008568,File:Fracturing Orb inventory icon.png
0000008569,File:Dusk Ring inventory icon.png
0000008570,File:Gloam Ring inventory icon.png
0000008571,File:Penumbra Ring inventory icon.png
0000008572,File:Tenebrous Ring inventory icon.png
0000008573,File:Dusk Amulet inventory icon.png
0000008574,File:Gloam Amulet inventory icon.png
0000008575,File:Penumbra Amulet inventory icon.png
0000008576,File:Tenebrous Amulet inventory icon.png
0000008577,File:Twilight Reliquary Key inventory icon.png
0000008579,File:Olroth's Reliquary Key inventory icon.png
0000008580,File:Ritualistic Reliquary Key inventory icon.png
0000008581,File:Tangmazu's Reliquary Key inventory icon.png
0000008582,File:The Arbiter's Reliquary Key inventory icon.png
0000008583,File:The Trialmaster's Reliquary Key inventory icon.png
0000008584,File:Xesht's Reliquary Key inventory icon.png
0000008585,File:Zarokh's Reliquary Key inventory icon.png
0000008592,File:Zarokh's Reliquary Key- Against the Darkness inventory icon.png
0000008593,File:Zarokh's Reliquary Key- Sandstorm Visage inventory icon.png
0000008595,File:Zarokh's Reliquary Key- Sekhema's Resolve inventory icon.png
0000008596,File:Zarokh's Reliquary Key- Temporalis inventory icon.png
0000008597,File:Zarokh's Reliquary Key- Blessed Bonds inventory icon.png
0000008603,File:Recombinator screenshot.png
0000008612,File:KeystoneEverlastingSacrifice passive skill icon.png
0000008613,File:KalguuranStrKeystone passive skill icon.png
0000008614,File:KalguuranIntKeystone passive skill icon.png
0000008615,File:KalguuranDexKeystone passive skill icon.png
0000008617,File:Whirling Slash skill icon.png
0000008618,File:Whirling Slash inventory icon.png
0000008628,File:Striking Spear inventory icon.png
0000008631,File:Crossblade Spear inventory icon.png
0000008632,File:Sword Spear inventory icon.png
0000008746,File:Rotten Satchel Charge inventory icon.png
0000008750,File:Spearfield inventory icon.png
0000008751,File:Rally inventory icon.png
0000008761,File:Book of Unique Knowledge inventory icon.png
0000008762,File:Arbiter's Book of Knowledge inventory icon.png
0000008763,File:Crystalline Core of Knowledge inventory icon.png
0000008764,File:Deranging Book of Knowledge inventory icon.png
0000008765,File:Vanquisher's Book of Knowledge inventory icon.png
0000008766,File:Runic Book of Knowledge inventory icon.png
0000008767,File:Ritualistic Book of Knowledge inventory icon.png
0000008768,File:Otherworldly Book of Knowledge inventory icon.png
0000008772,File:Book of Knowledge inventory icon.png
0000008788,File:Tame Beast skill icon.png
0000008789,File:Tame Beast inventory icon.png
0000008824,File:Lesser Adept Rune inventory icon.png
0000008825,File:Lesser Resolve Rune inventory icon.png
0000008826,File:Lesser Robust Rune inventory icon.png
0000008827,File:Adept Rune inventory icon.png
0000008828,File:Resolve Rune inventory icon.png
0000008829,File:Robust Rune inventory icon.png
0000008830,File:Greater Adept Rune inventory icon.png
0000008831,File:Greater Resolve Rune inventory icon.png
0000008832,File:Greater Robust Rune inventory icon.png
0000008834,File:Greater Tempered Rune inventory icon.png
0000008835,File:Lesser Tempered Rune inventory icon.png
0000008836,File:Tempered Rune inventory icon.png
0000008838,File:Thornskin I inventory icon.png
0000008841,File:Blank Rune inventory icon.png
0000008855,File:Inhibitor inventory icon.png
0000008856,File:Spear of Solaris inventory icon.png
0000008857,File:Herald of Blood inventory icon.png
0000008858,File:Rapid Assault inventory icon.png
0000008859,File:Glacial Lance inventory icon.png
0000008860,File:Spearfield skill icon.png
0000008861,File:Rapid Assault skill icon.png
0000008862,File:Glacial Lance skill icon.png
0000008863,File:Spear of Solaris skill icon.png
0000008864,File:Lightning Spear skill icon.png
0000008865,File:Lightning Spear inventory icon.png
0000008866,File:Cull the Weak skill icon.png
0000008867,File:Cull The Weak inventory icon.png
0000008869,File:Storm Lance inventory icon.png
0000008870,File:Storm Lance skill icon.png
0000008871,File:Whirlwind Lance skill icon.png
0000008872,File:Whirlwind Lance inventory icon.png
0000008873,File:Trinity inventory icon.png
0000008874,File:Trinity skill icon.png
0000008875,File:Frenzied Riposte inventory icon.png
0000008877,File:Disengage inventory icon.png
0000008878,File:Disengage skill icon.png
0000008879,File:Wind Serpent's Fury skill icon.png
0000008880,File:Wind Serpent's Fury inventory icon.png
0000008882,File:Elemental Sundering skill icon.png
0000008883,File:Elemental Sundering inventory icon.png
0000008885,File:Convalescence skill icon.png
0000008886,File:Convalescence inventory icon.png
0000008888,File:Herald of Blood skill icon.png
0000008889,File:Temper Weapon skill icon.png
0000008890,File:Rhoa Mount inventory icon.png
0000008891,File:Rhoa Mount skill icon.png
0000008929,File:Manifest Weapon skill icon.png
0000008930,File:Fire Spell on Melee Hit skill icon.png
0000008933,File:Unleash skill icon.png
0000008934,File:Volatility (support gem) inventory icon.png
0000008935,File:Encased in Jade skill icon.png
0000008937,File:Supporting Fire skill icon.png
0000008938,File:Hulking Minions inventory icon.png
0000008939,File:Commandment inventory icon.png
0000008940,File:Blood Boil skill icon.png
0000008941,File:Ritual Sacrifice skill icon.png
0000008942,File:Acrimony inventory icon.png
0000008943,File:Direstrike I inventory icon.png
0000008944,File:Warm Blooded inventory icon.png
0000008945,File:Embitter inventory icon.png
0000008946,File:Elemental Surge skill icon.png
0000008947,File:Harmonic Remnants I inventory icon.png
0000008948,File:Selfless Remnants inventory icon.png
0000008949,File:Remnant Potency I inventory icon.png
0000008950,File:Magnetic Remnants inventory icon.png
0000008951,File:Rip inventory icon.png
0000008952,File:Delayed Gratification inventory icon.png
0000008953,File:Commiserate inventory icon.png
0000008961,File:Burgeon I inventory icon.png
0000008962,File:Crackling Barrier inventory icon.png
0000008963,File:Adhesive Grenades I inventory icon.png
0000008966,File:Rusted Spikes inventory icon.png
0000008967,File:Outmaneuver inventory icon.png
0000008968,File:Profanity I inventory icon.png
0000008969,File:Pursuit I inventory icon.png
0000008970,File:Retreat I inventory icon.png
0000008971,File:Unabating inventory icon.png
0000008972,File:Unbending inventory icon.png
0000008973,File:Untouchable inventory icon.png
0000008974,File:Unyielding inventory icon.png
0000008975,File:Tireless inventory icon.png
0000008976,File:Derange inventory icon.png
0000008977,File:Volcanic Eruption inventory icon.png
0000008978,File:Greatwood I inventory icon.png
0000008980,File:Ogham's Legacy reopen.png
0000008982,File:Bone Shrapnel inventory icon.png
0000008983,File:Twister inventory icon.png
0000008984,File:Twister skill icon.png
0000008986,File:Explosive Spear skill icon.png
0000008987,File:Explosive Spear inventory icon.png
0000008989,File:Fangs of Frost skill icon.png
0000008990,File:Fangs of Frost inventory icon.png
0000008992,File:Rake inventory icon.png
0000008993,File:Rake skill icon.png
0000008995,File:Blood Hunt skill icon.png
0000008996,File:Blood Hunt inventory icon.png
0000008997,File:Primal Strikes inventory icon.png
0000008998,File:Primal Strikes skill icon.png
0000009000,File:Thunderous Leap skill icon.png
0000009001,File:Thunderous Leap inventory icon.png
0000009003,File:Bloodhound's Mark skill icon.png
0000009004,File:Bloodhound's Mark inventory icon.png
0000009006,File:Thundergod's Wrath skill icon.png
0000009008,File:Cast on Charm Use skill icon.png
0000009010,File:Chaotic Infusion skill icon.png
0000009018,File:Unsteady Tempo inventory icon.png
0000009021,File:Refraction I inventory icon.png
0000009022,File:Alignment I inventory icon.png
0000009023,File:Caltrops inventory icon.png
0000009024,File:Charged Shots I inventory icon.png
0000009029,File:The Dreadnought Hideout area screenshot.webp
0000009030,File:DreadnoughtHideout.webp
0000009033,File:Beacon of Salvation Hideout area screenshot.webp
0000009035,File:Felled Hideout area screenshot.webp
0000009037,File:Shrine Hideout area screenshot.webp
0000009039,File:Limestone Hideout area screenshot.webp
0000009041,File:Canal Hideout area screenshot.webp
0000009043,File:Monolith Hideout area screenshot.webp
0000009045,File:Twisted Hideout area screenshot.webp
0000009047,File:Transcendent Hideout area screenshot.webp
0000009049,File:Hourglass Hideout area screenshot.webp
0000009051,File:Chaos Hideout area screenshot.webp
0000009053,File:Vastiri Racecourse Hideout area screenshot.webp
0000009055,File:Canopy Hideout area screenshot.webp
0000009083,File:Brink I inventory icon.png
0000009084,File:Ancestral Call I inventory icon.png
0000009085,File:Tumult inventory icon.png
0000009086,File:Syzygy inventory icon.png
0000009089,File:Dazzle inventory icon.png
0000009090,File:Overextend inventory icon.png
0000009092,File:SmithOfKitavaCanOnlyWearNormalRarityBodyArmour (SmithofKitava) passive skill icon.png
0000009131,File:The Arbiter of Ash.png
0000009135,File:Cadence inventory icon.png
0000009136,File:Charm Bounty inventory icon.png
0000009137,File:Tear inventory icon.png
0000009138,File:Deadly Herald inventory icon.png
0000009139,File:Concoct I inventory icon.png
0000009158,File:Clear Skies inventory icon.png
0000009165,File:Incision (support gem) inventory icon.png
0000009166,File:First Blood inventory icon.png
0000009167,File:Haemocrystals inventory icon.png
0000009168,File:Malady inventory icon.png
0000009169,File:See Red inventory icon.png
0000009171,File:Zenith I inventory icon.png
0000009172,File:Abiding Hex inventory icon.png
0000009173,File:Ambrosia I inventory icon.png
0000009174,File:Ancestral Aid inventory icon.png
0000009175,File:Arms Length inventory icon.png
0000009176,File:Catharsis inventory icon.png
0000009177,File:Crazed Minions inventory icon.png
0000009178,File:Deathmarch inventory icon.png
0000009179,File:Desperation inventory icon.png
0000009180,File:Persistent Ground I inventory icon.png
0000009181,File:Excoriate inventory icon.png
0000009182,File:Flamepierce inventory icon.png
0000009183,File:Flow inventory icon.png
0000009184,File:Freezefork inventory icon.png
0000009185,File:Hit and Run inventory icon.png
0000009186,File:Loyalty inventory icon.png
0000009187,File:Muster inventory icon.png
0000009188,File:Mysticism I inventory icon.png
0000009189,File:Pinpoint Critical inventory icon.png
0000009190,File:Rearm I inventory icon.png
0000009191,File:Rime inventory icon.png
0000009192,File:Shocking Leap inventory icon.png
0000009193,File:Mark for Death I inventory icon.png
0000009194,File:Spar inventory icon.png
0000009195,File:Steadfast I inventory icon.png
0000009196,File:Stormchain inventory icon.png
0000009197,File:Encroaching Ground inventory icon.png
0000009198,File:Heightened Charges inventory icon.png
0000009199,File:Unerring Power inventory icon.png
0000009200,File:Upwelling I inventory icon.png
0000009201,File:Volt inventory icon.png
0000009202,File:Barbs I inventory icon.png
0000009203,File:Battershout inventory icon.png
0000009204,File:Clash inventory icon.png
0000009205,File:Cool Headed inventory icon.png
0000009206,File:Dauntless inventory icon.png
0000009207,File:Defy I inventory icon.png
0000009208,File:Overreach inventory icon.png
0000009209,File:Delayed Reaction inventory icon.png
0000009210,File:Deliberation inventory icon.png
0000009211,File:Fluke inventory icon.png
0000009212,File:Gambleshot inventory icon.png
0000009213,File:Perfection inventory icon.png
0000009214,File:Punch Through inventory icon.png
0000009215,File:Quill Burst inventory icon.png
0000009216,File:Retaliate I inventory icon.png
0000009217,File:Reverberate inventory icon.png
0000009218,File:Salvo inventory icon.png
0000009219,File:Spectral Volley inventory icon.png
0000009220,File:Strong Hearted inventory icon.png
0000009221,File:Verglas inventory icon.png
0000009222,File:Volatile Power inventory icon.png
0000009226,File:Trail of Caltrops inventory icon.png
0000009227,File:Trail of Caltrops skill icon.png
0000009236,File:AtlasHarvestLifeforceDuplicated (AtlasTrees) passive skill icon.png
0000009239,File:RandomBetterPrefixSuffix (AtlasTrees) passive skill icon.png
0000009251,File:BossNotableDropMoreWaystone (AtlasTrees) passive skill icon.png
0000009252,File:Atlas keystone passive frame.png
0000009253,File:Atlas notable passive frame.png
0000009254,File:Atlas basic passive frame.png
0000009255,File:Visions of Paradise inventory icon.png
0000009264,File:User Sarno avatar.png
0000009267,File:ExtremeArchaeology (AtlasTrees) passive skill icon.png
0000009268,File:BreachNotable8 (AtlasTrees) passive skill icon.png
0000009289,File:AreaDmgNode passive skill icon.png
0000009291,File:MarkNode passive skill icon.png
0000009293,File:Damage passive skill icon.png
0000009294,File:Chargestr passive skill icon.png
0000009304,File:Totemandbrandlife passive skill icon.png
0000009316,File:Poe 2 black Sun crest.png
0000009317,File:Black sun crest ingame.png
0000009318,File:Black sun crest.png
0000009319,File:Sacred Flame.png
0000009320,File:Tangletongue.png
0000009322,File:Glimpse of chaos close uup.png
0000009324,File:Kalandra's body.png
0000009341,File:Lightning Spell on Melee Hit skill icon.png
0000009345,File:Guiding Palm (Cold) inventory icon.png
0000009346,File:Guiding Palm (Fire) inventory icon.png
0000009347,File:Guiding Palm (Lightning) inventory icon.png
0000009389,File:Countess Seske's Rune of Archery inventory icon.png
0000009390,File:Courtesan Mannan's Rune of Cruelty inventory icon.png
0000009391,File:Craiceann's Rune of Recovery inventory icon.png
0000009392,File:Craiceann's Rune of Warding inventory icon.png
0000009393,File:Farrul's Rune of Grace inventory icon.png
0000009394,File:Farrul's Rune of the Chase inventory icon.png
0000009395,File:Farrul's Rune of the Hunt inventory icon.png
0000009396,File:Fenumus' Rune of Agony inventory icon.png
0000009397,File:Fenumus' Rune of Draining inventory icon.png
0000009398,File:Fenumus' Rune of Spinning inventory icon.png
0000009399,File:Hedgewitch Assandra's Rune of Wisdom inventory icon.png
0000009400,File:Lady Hestra's Rune of Winter inventory icon.png
0000009401,File:Saqawal's Rune of Erosion inventory icon.png
0000009402,File:Saqawal's Rune of Memory inventory icon.png
0000009403,File:Saqawal's Rune of the Sky inventory icon.png
0000009404,File:Thane Girt's Rune of Wildness inventory icon.png
0000009405,File:Thane Grannell's Rune of Mastery inventory icon.png
0000009406,File:Thane Leld's Rune of Spring inventory icon.png
0000009407,File:Thane Myrk's Rune of Summer inventory icon.png
0000009408,File:The Greatwolf's Rune of Claws inventory icon.png
0000009409,File:The Greatwolf's Rune of Willpower inventory icon.png
0000009411,File:Heart of Ice skill icon.png
0000009412,File:The Whispering Ice inventory icon.png
0000009413,File:Lioneye's Glare inventory icon.png
0000009414,File:Heavy Bow inventory icon.png
0000009415,File:Icestorm skill icon.png
0000009417,File:Cadiro's Gambit inventory icon.png
0000009418,File:Murkshaft inventory icon.png
0000009420,File:Palm of the Dreamer inventory icon.png
0000009421,File:Impurity skill icon.png
0000009423,File:Idol of Eeshta inventory icon.png
0000009424,File:Idol of Egrin inventory icon.png
0000009425,File:Idol of Grold inventory icon.png
0000009426,File:Idol of Maxarius inventory icon.png
0000009427,File:Idol of Ralakesh inventory icon.png
0000009428,File:The Last Lament inventory icon.png
0000009429,File:Idol of Sirrius inventory icon.png
0000009430,File:Idol of Thruldana inventory icon.png
0000009431,File:Requiem skill icon.png
0000009433,File:Bursting Fen Toad skill icon.png
0000009435,File:Adonia's Ego inventory icon.png
0000009437,File:Pinnacle of Power skill icon.png
0000009439,File:Atmohua's Soul Core of Retreat inventory icon.png
0000009440,File:Cholotl's Soul Core of War inventory icon.png
0000009441,File:Citaqualotl's Soul Core of Foulness inventory icon.png
0000009442,File:Estazunti's Soul Core of Convalescence inventory icon.png
0000009443,File:Guatelitzi's Soul Core of Endurance inventory icon.png
0000009444,File:Hayoxi's Soul Core of Heatproofing inventory icon.png
0000009445,File:Opiloti's Soul Core of Assault inventory icon.png
0000009446,File:Quipolatl's Soul Core of Flow inventory icon.png
0000009447,File:Tacati's Soul Core of Affliction inventory icon.png
0000009448,File:Topotante's Soul Core of Dampening inventory icon.png
0000009449,File:Tzamoto's Soul Core of Ferocity inventory icon.png
0000009450,File:Uromoti's Soul Core of Attenuation inventory icon.png
0000009451,File:Xipocado's Soul Core of Dominion inventory icon.png
0000009452,File:Xopec's Soul Core of Power inventory icon.png
0000009453,File:Zalatl's Soul Core of Insulation inventory icon.png
0000009454,File:Rapid Casting I inventory icon.png
0000009457,File:Death Mask inventory icon.png
0000009458,File:Mind of the Council inventory icon.png
0000009460,File:Constricting Command inventory icon.png
0000009495,File:Parrying Dagger inventory icon.png
0000009496,File:Perennial-king-concept-art.jpg
0000009497,File:Risu-concept-art.jpg
0000009498,File:Forsaken-son-concept-art.jpg
0000009499,File:Faridun-warrior-concept-art.jpg
0000009500,File:Poe2-faridun-player-armor-set.jpg
0000009522,File:The Third Edict logo.png
0000009523,File:Rise of the Abyssal league banner.png
0000009524,File:Dawn of the Hunt league banner.png
0000009570,File:Fire Infusion inventory icon.png
0000009572,File:Chaos Infusion inventory icon.png
0000009573,File:Cold Infusion inventory icon.png
0000009574,File:Lightning Infusion inventory icon.png
0000009578,File:Charge Infusion skill icon.png
0000009579,File:Charge Infusion inventory icon.png
0000009583,File:Poisonous Concoction skill icon.png
0000009588,File:Cold Snap inventory icon.png
0000009589,File:Cold Snap skill icon.png
0000009598,File:Ripwire Ballista inventory icon.png
0000009599,File:Ripwire Ballista skill icon.png
0000009610,File:Drowning status icon.png
0000009611,File:Vortex status icon.png
0000009612,File:Vortex skill screenshot.png
0000009615,File:Executioner's Presence status icon.png
0000009641,File:Ancient Relics passive skill icon.png
0000009642,File:BossNotableDropMoreGold (AtlasTrees) passive skill icon.png
0000009643,File:BossNotableDropMoreTablets (AtlasTrees) passive skill icon.png
0000009644,File:BossNotableDropSpecialBaseTypes (AtlasTrees) passive skill icon.png
0000009645,File:BossNotableDropMoreGems (AtlasTrees) passive skill icon.png
0000009646,File:Witness to History passive skill icon.png
0000009705,File:The Hunt Begins quest icon.png
0000009750,File:Merchant stash tab example.png
0000009751,File:Ange trade completed.png
0000009753,File:Ange notification.png
0000009761,File:Weapon-master-witchhunter-skill-path-of-exile-2.jpg
0000009834,File:Distilled Fear inventory icon.png
0000009835,File:Distilled Despair inventory icon.png
0000009836,File:Distilled Disgust inventory icon.png
0000009837,File:Distilled Envy inventory icon.png
0000009838,File:Distilled Greed inventory icon.png
0000009839,File:Distilled Guilt inventory icon.png
0000009840,File:Distilled Suffering inventory icon.png
0000009841,File:Distilled Paranoia inventory icon.png
0000009842,File:Distilled Isolation inventory icon.png
0000009843,File:Distilled Ire inventory icon.png
0000009964,File:Chieftain Cuirass inventory icon.png
0000009966,File:Mystic Raiment inventory icon.png
0000009968,File:Ancestral Mail inventory icon.png
0000009969,File:Scoundrel Jacket inventory icon.png
0000009977,File:Ancestor Tower Shield inventory icon.png
0000009979,File:Stratified Targe inventory icon.png
0000009981,File:Carved Targe inventory icon.png
0000009984,File:Wayward Crest Shield inventory icon.png
0000009996,File:Smooth Quarterstaff inventory icon.png
0000009997,File:Hefty Quarterstaff inventory icon.png
0000010005,File:Commander Greathelm inventory icon.png
0000010014,File:Reefsteel Greaves inventory icon.png
0000010018,File:Flared Boots inventory icon.png
0000010019,File:Flax Sandals inventory icon.png
0000010023,File:Covered Sabatons inventory icon.png
0000010027,File:Weaver Leggings inventory icon.png
0000010028,File:Steelpoint Shoes inventory icon.png
0000010031,File:Detailed Mitts inventory icon.png
0000010040,File:Buckled Wraps inventory icon.png
0000010085,File:Ablation inventory icon.png
0000010086,File:Sacrifical Offering inventory icon.png
0000010087,File:Acceleration inventory icon.png
0000010088,File:Adhere inventory icon.png
0000010089,File:Aftershock (support gem) inventory icon.png
0000010090,File:Alignment inventory icon.png
0000010091,File:Ammo Conservation inventory icon.png
0000010092,File:Ancestral Call inventory icon.png
0000010094,File:Ancestral Urgency inventory icon.png
0000010095,File:Rapid Casting inventory icon.png
0000010096,File:Defy inventory icon.png
0000010097,File:Barbs inventory icon.png
0000010098,File:Behead inventory icon.png
0000010099,File:Bidding inventory icon.png
0000010100,File:Blind (support gem) inventory icon.png
0000010101,File:Bludgeon inventory icon.png
0000010102,File:Close Combat inventory icon.png
0000010103,File:Brink inventory icon.png
0000010104,File:Brutality inventory icon.png
0000010105,File:Bullseye inventory icon.png
0000010106,File:Burgeon inventory icon.png
0000010107,File:Cannibalism inventory icon.png
0000010108,File:Capacitor inventory icon.png
0000010109,File:Chain (support gem) inventory icon.png
0000010110,File:Charged Shots inventory icon.png
0000010111,File:Clarity inventory icon.png
0000010112,File:Combo Finisher inventory icon.png
0000010113,File:Concentrated Effect inventory icon.png
0000010114,File:Concoct inventory icon.png
0000010115,File:Conduction inventory icon.png
0000010116,File:Corrupting Cry inventory icon.png
0000010117,File:Coursing Current inventory icon.png
0000010118,File:Crescendo inventory icon.png
0000010119,File:Culling Strike (support gem) inventory icon.png
0000010120,File:Culmination inventory icon.png
0000010121,File:Deadly Poison inventory icon.png
0000010122,File:Deceleration inventory icon.png
0000010123,File:Deep Cuts inventory icon.png
0000010124,File:Demolisher inventory icon.png
0000010125,File:Direstrike inventory icon.png
0000010126,File:Dissipate inventory icon.png
0000010127,File:Domain inventory icon.png
0000010128,File:Double Barrel inventory icon.png
0000010129,File:Poison (support gem) inventory icon.png
0000010130,File:Expedite inventory icon.png
0000010131,File:Execute inventory icon.png
0000010132,File:Eternal Flame inventory icon.png
0000010133,File:Enraged Warcry inventory icon.png
0000010134,File:Enormity inventory icon.png
0000010135,File:Encumbrance inventory icon.png
0000010136,File:Fast Forward inventory icon.png
0000010137,File:Feeding Frenzy inventory icon.png
0000010138,File:Figurehead inventory icon.png
0000010139,File:Fire Penetration inventory icon.png
0000010140,File:Fist of War inventory icon.png
0000010141,File:Fortress inventory icon.png
0000010142,File:Fresh Clip inventory icon.png
0000010143,File:Glaciation inventory icon.png
0000010144,File:Greatwood inventory icon.png
0000010145,File:Herbalism inventory icon.png
0000010146,File:Ignition inventory icon.png
0000010147,File:Impetus inventory icon.png
0000010148,File:Infernal Legion inventory icon.png
0000010149,File:Ingenuity (support gem) inventory icon.png
0000010150,File:Inspiration inventory icon.png
0000010151,File:Ironwood inventory icon.png
0000010152,File:Jagged Ground (support gem) inventory icon.png
0000010153,File:Interlude inventory icon.png
0000010154,File:Lacerate inventory icon.png
0000010155,File:Life Thief inventory icon.png
0000010156,File:Long Fuse inventory icon.png
0000010157,File:Longshot inventory icon.png
0000010158,File:Rapid Attacks inventory icon.png
0000010159,File:Magnified Effect inventory icon.png
0000010160,File:Magnified Effect I inventory icon.png
0000010161,File:Meat Shield inventory icon.png
0000010162,File:Mysticism inventory icon.png
0000010163,File:Overabundance inventory icon.png
0000010166,File:Overpower inventory icon.png
0000010167,File:Persistence inventory icon.png
0000010168,File:Pierce (support gem) inventory icon.png
0000010169,File:Pin inventory icon.png
0000010170,File:Precision inventory icon.png
0000010171,File:Primal Armament inventory icon.png
0000010172,File:Profanity inventory icon.png
0000010173,File:Profusion inventory icon.png
0000010174,File:Pursuit inventory icon.png
0000010175,File:Rage (support gem) inventory icon.png
0000010176,File:Rageforged inventory icon.png
0000010177,File:Reach inventory icon.png
0000010178,File:Rearm inventory icon.png
0000010179,File:Refraction inventory icon.png
0000010180,File:Retaliate inventory icon.png
0000010181,File:Retort inventory icon.png
0000010182,File:Retreat inventory icon.png
0000010183,File:Ricochet inventory icon.png
0000010184,File:Multishot inventory icon.png
0000010185,File:Sacrificial Lamb inventory icon.png
0000010186,File:Searing Flame inventory icon.png
0000010187,File:Second Wind inventory icon.png
0000010188,File:Single Out inventory icon.png
0000010189,File:Soul Thief inventory icon.png
0000010190,File:Splinter inventory icon.png
0000010191,File:Steadfast inventory icon.png
0000010192,File:Strip Away inventory icon.png
0000010193,File:Suffuse inventory icon.png
0000010194,File:Swift Affliction inventory icon.png
0000010195,File:Thornskin inventory icon.png
0000010196,File:Twofold inventory icon.png
0000010197,File:Upheaval inventory icon.png
0000010198,File:Upwelling inventory icon.png
0000010199,File:Vitality inventory icon.png
0000010200,File:Wildshards inventory icon.png
0000010201,File:Window of Opportunity inventory icon.png
0000010202,File:Zenith inventory icon.png
0000010204,File:Boundless Energy inventory icon.png
0000010205,File:Overreach I inventory icon.png
0000010355,File:Sprint falling screenshot.png
0000010356,File:Preserved Collarbone inventory icon.png
0000010357,File:Gnawed Collarbone inventory icon.png
0000010358,File:Ancient Collarbone inventory icon.png
0000010359,File:Gnawed Jawbone inventory icon.png
0000010360,File:Ancient Jawbone inventory icon.png
0000010361,File:Preserved Jawbone inventory icon.png
0000010362,File:Gnawed Rib inventory icon.png
0000010363,File:Preserved Rib inventory icon.png
0000010364,File:Ancient Rib inventory icon.png
0000010365,File:Preserved Cranium inventory icon.png
0000010366,File:Preserved Vertebrae inventory icon.png
0000010367,File:Essence of the Abyss inventory icon.png
0000010370,File:Lesser Essence of Abrasion inventory icon.png
0000010371,File:Lesser Essence of Alacrity inventory icon.png
0000010372,File:Lesser Essence of Battle inventory icon.png
0000010373,File:Lesser Essence of Command inventory icon.png
0000010374,File:Lesser Essence of Electricity inventory icon.png
0000010375,File:Lesser Essence of Enhancement inventory icon.png
0000010376,File:Lesser Essence of Flames inventory icon.png
0000010377,File:Lesser Essence of Haste inventory icon.png
0000010378,File:Lesser Essence of Grounding inventory icon.png
0000010379,File:Lesser Essence of Ice inventory icon.png
0000010380,File:Lesser Essence of Insulation inventory icon.png
0000010381,File:Lesser Essence of Opulence inventory icon.png
0000010382,File:Lesser Essence of Seeking inventory icon.png
0000010383,File:Lesser Essence of Ruin inventory icon.png
0000010384,File:Lesser Essence of Thawing inventory icon.png
0000010385,File:Lesser Essence of Sorcery inventory icon.png
0000010386,File:Lesser Essence of the Body inventory icon.png
0000010387,File:Lesser Essence of the Infinite inventory icon.png
0000010388,File:Lesser Essence of the Mind inventory icon.png
0000010389,File:Focused Curse inventory icon.png
0000010390,File:Last Gasp inventory icon.png
0000010391,File:Ritualistic Curse inventory icon.png
0000010392,File:Perfect Essence of Abrasion inventory icon.png
0000010393,File:Perfect Essence of Alacrity inventory icon.png
0000010394,File:Perfect Essence of Battle inventory icon.png
0000010395,File:Perfect Essence of Command inventory icon.png
0000010396,File:Perfect Essence of Electricity inventory icon.png
0000010397,File:Perfect Essence of Enhancement inventory icon.png
0000010398,File:Perfect Essence of Flames inventory icon.png
0000010399,File:Perfect Essence of Grounding inventory icon.png
0000010400,File:Perfect Essence of Haste inventory icon.png
0000010401,File:Perfect Essence of Ice inventory icon.png
0000010402,File:Perfect Essence of Insulation inventory icon.png
0000010403,File:Perfect Essence of Opulence inventory icon.png
0000010404,File:Perfect Essence of Ruin inventory icon.png
0000010405,File:Perfect Essence of Seeking inventory icon.png
0000010406,File:Perfect Essence of Sorcery inventory icon.png
0000010407,File:Perfect Essence of Thawing inventory icon.png
0000010408,File:Perfect Essence of the Body inventory icon.png
0000010409,File:Perfect Essence of the Infinite inventory icon.png
0000010410,File:Perfect Essence of the Mind inventory icon.png
0000010411,File:Greater Essence of Abrasion inventory icon.png
0000010412,File:Greater Essence of Alacrity inventory icon.png
0000010413,File:Greater Essence of Command inventory icon.png
0000010414,File:Greater Essence of Grounding inventory icon.png
0000010415,File:Greater Essence of Insulation inventory icon.png
0000010416,File:Greater Essence of Opulence inventory icon.png
0000010417,File:Greater Essence of Seeking inventory icon.png
0000010418,File:Greater Essence of Thawing inventory icon.png
0000010419,File:Essence of Abrasion inventory icon.png
0000010420,File:Essence of Alacrity inventory icon.png
0000010421,File:Essence of Command inventory icon.png
0000010422,File:Essence of Grounding inventory icon.png
0000010423,File:Essence of Insulation inventory icon.png
0000010424,File:Essence of Opulence inventory icon.png
0000010425,File:Essence of Seeking inventory icon.png
0000010426,File:Essence of Thawing inventory icon.png
0000010438,File:Darkness Enthroned inventory icon.png
0000010440,File:Heart of the Well inventory icon.png
0000010441,File:Hinekora's Sight inventory icon.png
0000010443,File:Umbilicus Immortalis inventory icon.png
0000010445,File:Kaltenhalt inventory icon.png
0000010446,File:Marohi Erqi inventory icon.png
0000010447,File:Thunderfist inventory icon.png
0000010449,File:Shankgonne inventory icon.png
0000010451,File:Lightning Coil inventory icon.png
0000010452,File:Undying Hate inventory icon.png
0000010454,File:Double Vision inventory icon.png
0000010456,File:Fairgraves' Curse inventory icon.png
0000010457,File:Omen of the Sovereign inventory icon.png
0000010458,File:Omen of the Liege inventory icon.png
0000010459,File:Omen of the Blackblooded inventory icon.png
0000010460,File:Omen of Sinistral Necromancy inventory icon.png
0000010461,File:Omen of Putrefaction inventory icon.png
0000010462,File:Omen of Light inventory icon.png
0000010463,File:Omen of Dextral Necromancy inventory icon.png
0000010464,File:Omen of Abyssal Echoes inventory icon.png
0000010465,File:Runic Splinter inventory icon.png
0000010466,File:Petition Splinter inventory icon.png
0000010467,File:Omen of Recombination inventory icon.png
0000010468,File:Omen of Gambling inventory icon.png
0000010469,File:Omen of Bartering inventory icon.png
0000010470,File:Omen of the Blessed inventory icon.png
0000010471,File:Omen of Sanctification inventory icon.png
0000010472,File:Omen of Homogenising Coronation inventory icon.png
0000010473,File:Omen of Dextral Crystallisation inventory icon.png
0000010474,File:Omen of Sinistral Crystallisation inventory icon.png
0000010475,File:Omen of Chance inventory icon.png
0000010476,File:Omen of Catalysing Exaltation inventory icon.png
0000010477,File:Omen of Homogenising Exaltation inventory icon.png
0000010478,File:Omen of the Ancients inventory icon.png
0000010479,File:Omen of Chaotic Monsters inventory icon.png
0000010480,File:Omen of Chaotic Quantity inventory icon.png
0000010481,File:Omen of Chaotic Rarity inventory icon.png
0000010484,File:Cospri's Will inventory icon.png
0000010485,File:Candlemass1.PNG
0000010486,File:Candlemass2.PNG
0000010487,File:Executioner1.PNG
0000010488,File:Executioner2.png
0000010489,File:The Devourer.png
0000010490,File:Brambleghast2.png
0000010491,File:Brambleghast1.png
0000010492,File:The Rust King.png
0000010493,File:Beira.png
0000010494,File:Areagne.png
0000010522,File:RottenDruid.png
0000010523,File:Crowbell.png
0000010524,File:Rudja.png
0000010525,File:BellChest.png
0000010526,File:DecreeOfImprisonmentBalbalaWay.png
0000010528,File:BalbalaTraitor.png
0000010529,File:Abyssal Lich portrait.png
0000010532,File:Rathbreaker.png
0000010533,File:LimImpaler.png
0000010534,File:Kulemak's Invitation inventory icon.png
0000010535,File:Tecrod's Gaze inventory icon.png
0000010536,File:Amanamu's Gaze inventory icon.png
0000010537,File:Kurgal's Gaze inventory icon.png
0000010538,File:Ulaman's Gaze inventory icon.png
0000010569,File:Kabala1.png
0000010570,File:Kabala2.png
0000010571,File:NinthTreasure.png
0000010572,File:Azarian.png
0000010574,File:Halani.png
0000010584,File:Zalmarath1.png
0000010585,File:Zalmarath2.png
0000010588,File:Magnetism inventory icon.png
0000010590,File:HuginMunin.png
0000010592,File:TorGul.png
0000010593,File:JamanraAbomination.png
0000010594,File:JamanraDefeat.png
0000010596,File:Rootdredge.png
0000010597,File:RootdredgeDefeat.png
0000010598,File:Ranbu.png
0000010599,File:Garkam.png
0000010601,File:Mighty Silverfist.png
0000010602,File:Ailith's Chimes inventory icon.png
0000010603,File:Arakaali's Lust inventory icon.png
0000010604,File:Garukhan's Resolve inventory icon.png
0000010606,File:Arjun's Medal inventory icon.png
0000010607,File:Dialla's Desire inventory icon.png
0000010608,File:Sione's Temper inventory icon.png
0000010611,File:BroodQueen.png
0000010614,"File:Ignagduk, the Bog Witch.png"
0000010615,File:IgnagdukBroom.png
0000010617,"File:Xyclucian, the Chimera.png"
0000010618,File:XyclucianPillar.png
0000010619,File:NoxiousBehemoth.png
0000010624,File:Blackjaw.png
0000010625,File:Delwyn NPC screenshot.jpg
0000010626,File:Zicoatl.png
0000010627,File:ZicoatlMural.png
0000010628,File:Narg.png
0000010629,File:Mektul.png
0000010630,File:MektulWall.png
0000010631,File:Ketzuli.png
0000010632,File:DoryaniThaumaturge.png
0000010633,File:Doryani Sitting Triumph.png
0000010634,File:Shark Fin inventory icon.png
0000010681,File:AbyssalDepthsLoadingScreen loading screen.png
0000010682,File:Act4Sailing loading screen.png
0000010683,File:Act4Trade loading screen.png
0000010684,File:TheBlackCathedralLoadingScreen loading screen.png
0000010686,File:Grip of Kulemak inventory icon.png
0000010687,File:The Unborn Lich inventory icon.png
0000010688,File:Feast of Flesh skill icon.png
0000010694,File:KulemaksSovereignty passive skill icon.png
0000010695,File:Sacrifice of Mind passive skill icon.png
0000010696,File:Sacrifice of Flesh passive skill icon.png
0000010697,File:TecrodsBrutality passive skill icon.png
0000010698,File:Sacrifice of Sight passive skill icon.png
0000010699,File:Grip of Kulemak icons.png
0000010700,File:Abyssal Wasting status icon.png
0000010702,File:Blood of the Warrior inventory icon.png
0000010704,File:Idol of Estazunti inventory icon.png
0000010705,File:Primary Calamity Fragment inventory icon.png
0000010706,File:Secondary Calamity Fragment inventory icon.png
0000010707,File:Tertiary Calamity Fragment inventory icon.png
0000010708,File:Pearlescent Amulet inventory icon.png
0000010709,File:Elemental Weakness inventory icon.png
0000010710,File:Fortifying Cry inventory icon.png
0000010711,File:Forge Hammer inventory icon.png
0000010712,File:Ancestral Cry inventory icon.png
0000010713,File:Toxic Domain inventory icon.png
0000010714,File:Ice-Tipped Arrows inventory icon.png
0000010715,File:Mirage Archer inventory icon.png
0000010716,File:Mortar Cannon inventory icon.png
0000010717,File:Frost Darts inventory icon.png
0000010718,File:Siphon Elements inventory icon.png
0000010719,File:Ravenous Swarm inventory icon.png
0000010720,File:Iron Ward inventory icon.png
0000010721,File:Frozen Spite inventory icon.png
0000010722,File:Perfected Endurance inventory icon.png
0000010723,File:Bounty I inventory icon.png
0000010724,File:Nova Projectiles I inventory icon.png
0000010725,File:Branching Fissures I inventory icon.png
0000010726,File:Admixture inventory icon.png
0000010727,File:Stoicism I inventory icon.png
0000010728,File:Hardy Totems I inventory icon.png
0000010729,File:Living Lightning I inventory icon.png
0000010730,File:Streamlined Rounds inventory icon.png
0000010731,File:Enduring Impact I inventory icon.png
0000010732,File:Crater inventory icon.png
0000010733,File:Vanguard I inventory icon.png
0000010734,File:Crystalline Shards inventory icon.png
0000010735,File:Skittering Stone I inventory icon.png
0000010736,File:Durability inventory icon.png
0000010737,File:Brambleslam inventory icon.png
0000010738,File:Ixchel's Torment inventory icon.png
0000010739,File:Ratha's Assault inventory icon.png
0000010740,File:Zarokh's Refrain inventory icon.png
0000010741,File:Tawhoa's Tending inventory icon.png
0000010742,File:Rakiata's Flow inventory icon.png
0000010743,File:Paquate's Pact inventory icon.png
0000010744,File:Kurgal's Leash inventory icon.png
0000010745,File:Einhar's Beastrite inventory icon.png
0000010746,File:Vilenta's Propulsion inventory icon.png
0000010747,File:Ahn's Citadel inventory icon.png
0000010748,File:Brutus' Brain inventory icon.png
0000010749,File:Tecrod's Revenge inventory icon.png
0000010750,File:Atalui's Bloodletting inventory icon.png
0000010751,File:Uruk's Smelting inventory icon.png
0000010752,File:Doedre's Undoing inventory icon.png
0000010753,File:Kaom's Madness inventory icon.png
0000010754,File:Romira's Requital inventory icon.png
0000010755,File:Dominus' Grasp inventory icon.png
0000010756,File:Kalisa's Crescendo inventory icon.png
0000010757,File:Xoph's Pyre inventory icon.png
0000010758,File:Esh's Radiance inventory icon.png
0000010759,File:Tul's Stillness inventory icon.png
0000010760,File:Uul-Netol's Embrace inventory icon.png
0000010761,File:Rigwald's Ferocity inventory icon.png
0000010762,File:Uhtred's Omen inventory icon.png
0000010763,File:Uhtred's Exodus inventory icon.png
0000010764,File:Uhtred's Augury inventory icon.png
0000010765,File:Daresso's Passion inventory icon.png
0000010766,File:Atziri's Allure inventory icon.png
0000010767,File:Tacati's Ire inventory icon.png
0000010768,File:Kulemak's Dominion inventory icon.png
0000010769,File:Amanamu's Tithe inventory icon.png
0000010770,File:Arbiter's Ignition inventory icon.png
0000010771,File:Varashta's Blessing inventory icon.png
0000010772,File:Corsair Vest inventory icon.png
0000010773,File:Juggernaut Plate inventory icon.png
0000010774,File:Ascetic Garb inventory icon.png
0000010775,File:Corsair Coat inventory icon.png
0000010776,File:Austere Garb inventory icon.png
0000010777,File:Tideseer Mantle inventory icon.png
0000010778,File:Kalguuran Cuffs inventory icon.png
0000010779,File:Artillery Bow inventory icon.png
0000010780,File:Tribal Bow inventory icon.png
0000010781,File:Laminate Buckler inventory icon.png
0000010782,File:Pearl Buckler inventory icon.png
0000010783,File:Piercing Crossbow inventory icon.png
0000010784,File:Runed Focus inventory icon.png
0000010785,File:Whorl Focus inventory icon.png
0000010786,File:Seer Crest Shield inventory icon.png
0000010787,File:Aureate Targe inventory icon.png
0000010788,File:Wrath Sceptre inventory icon.png
0000010789,File:Fulmination skill icon.png
0000010790,File:Enervating Nova skill icon.png
0000010791,File:Reaping Staff inventory icon.png
0000010792,File:Dueling Wand inventory icon.png
0000010797,File:Torn Map Piece (1 of 4) inventory icon.png
0000010798,File:Torn Map Piece (3 of 4) inventory icon.png
0000010799,File:Torn Map Piece (2 of 4) inventory icon.png
0000010800,File:Torn Map Piece (4 of 4) inventory icon.png
0000010802,File:Impale status icon.png
0000010803,File:Reap skill icon.png
0000010809,File:Desecrated item influence icon.png
0000010810,File:The Siren's Vocal Cords inventory icon.png
0000010811,File:The Siren's Head inventory icon.png
0000010812,File:Icy Tusks inventory icon.png
0000010813,File:Boat Charter inventory icon.png
0000010814,File:Ever-healing Liver inventory icon.png
0000010816,File:Clawcrunch.png
0000010818,File:GreatWhiteOne.png
0000010819,File:Humming Pearl inventory icon.png
0000010829,File:Coral Circlet inventory icon.png
0000010831,File:Mortimer NPC screenshot.jpg
0000010833,File:Verisium Ingots inventory icon.png
0000010834,File:Verisium Spikes inventory icon.png
0000010837,"File:Vandroth, Blackblooded Enslaver.png"
0000010838,File:The Search quest icon.png
0000010840,File:Abandoned Prison quest icon.png
0000010842,File:Land of the Kin quest icon.png
0000010843,File:Dark Mists quest icon.png
0000010845,File:Whakapanu Island quest icon.png
0000010847,File:Shrike Island quest icon.png
0000010848,File:Utopia quest icon.png
0000010849,File:Forgotten Bounty quest icon.png
0000010850,File:Hostile Takeover quest icon.png
0000010851,File:Tribal Medicine quest icon.png
0000010852,File:Shrike Island (Quest) quest icon.png
0000010853,File:Whakapanu Island (Quest) quest icon.png
0000010854,File:Cracks in the Earth quest icon.png
0000010855,File:CaptainHartlin.png
0000010857,File:Chapel Key inventory icon.png
0000010858,File:ThePrisoner.png
0000010860,File:ScourgeOfTheSkies.png
0000010861,File:Hinekora's Lock inventory icon.png
0000010862,File:BlindBeast.png
0000010864,File:Trial of the Ancestors quest icon.png
0000010865,File:Krutog.png
0000010866,File:Vessel of Kulemak.png
0000010878,File:Cast on Elemental Ailment skill icon.png
0000010879,File:Cast on Elemental Ailment inventory icon.png
0000010880,File:Elemental Weakness skill icon.png
0000010889,File:Asala NPC screenshot.jpg
0000010890,File:Act4sailing loading screen.png
0000010891,File:Act4trade loading screen.png
0000010913,File:Oldforest loading screen.png
0000010920,File:Caravanlandscape loading screen.png
0000010938,File:AbyssStrNotable passive skill icon.png
0000010939,File:AbyssStrNotable.png
0000010940,File:AbyssIntNotable passive skill icon.png
0000010941,File:AbyssDexNotable passive skill icon.png
0000010942,File:Molten One's Gift inventory icon.png
0000010947,File:Risu NPC screenshot.jpg
0000010961,File:Flammability inventory icon.png
0000010962,File:Living Bomb inventory icon.png
0000010963,File:Dawn of the Hunt league icon.png
0000010965,File:Rise of the Abyssal league icon.png
0000010966,File:Early Access Standard league icon.png
0000010973,File:Consecrate skill icon.png
0000010976,File:His Foul Emergence skill icon.png
0000010979,File:Vial of Sacred Water inventory icon.png
0000010989,File:The Well of Souls quest icon.png
0000010990,File:Example.jpg
0000010997,File:His Vile Intrusion skill icon.png
0000010998,File:His Scattering Calamity skill icon.png
0000010999,File:His Winnowing Flame skill icon.png
0000011002,File:Toxic Domain skill icon.png
0000011003,File:Void Illusion skill icon.png
0000011004,File:Siphon Elements skill icon.png
0000011005,File:Ravenous Swarm skill icon.png
0000011006,File:Iron Ward skill icon.png
0000011007,File:Future-Past skill icon.png
0000011008,File:Frost Darts skill icon.png
0000011009,File:Ice-Tipped Arrows skill icon.png
0000011010,File:Fortifying Cry skill icon.png
0000011011,File:Inevitable Agony skill icon.png
0000011012,File:Forge Hammer skill icon.png
0000011013,File:Ancestral Cry skill icon.png
0000011014,File:Abyssal Apparition skill icon.png
0000011015,File:Mortar Cannon skill icon.png
0000011016,File:Mirage Archer skill icon.png
0000011017,File:Called Shots skill icon.png
0000011018,File:Spear Stab skill icon.png
0000011020,File:Silver Coin inventory icon.png
0000011021,File:Blank Tattoo of Ngamahu inventory icon.png
0000011022,File:Blank Tattoo of Tawhoa inventory icon.png
0000011023,File:Blank Tattoo of Tasalio inventory icon.png
0000011024,File:Strength Tattoo of Ngamahu inventory icon.png
0000011025,File:Dexterity Tattoo of Tawhoa inventory icon.png
0000011026,File:Intelligence Tattoo of Tasalio inventory icon.png
0000011027,File:Fire Tattoo of Ngamahu inventory icon.png
0000011028,File:Lightning Tattoo of Tawhoa inventory icon.png
0000011029,File:Cold Tattoo of Tasalio inventory icon.png
0000011030,File:Tattoo of Hinekora inventory icon.png
0000011031,File:Tawhoa's Test quest icon.png
0000011032,File:Tasalio's Test quest icon.png
0000011033,File:Ngamahu's Test quest icon.png
0000011037,File:Torvian.png
0000011038,File:Lightless Passage area screenshot.jpg
0000011041,File:The Well of Souls area screenshot.png
0000011044,File:Tavakai KeyArt.jpg
0000011046,File:The Hooded One at the shrine of Garukhan.jpg
0000011048,File:Benedictus.png
0000011059,File:Sebastian Carroway NPC screenshot.jpg
0000011060,File:Balbala NPC screenshot.jpg
0000011062,File:Lurking Creature NPC screenshot.jpg
0000011067,File:Black Powder Blitz skill icon.png
0000011070,File:Soul of the Ferryman.jpg
0000011073,File:Spellslinger skill icon.png
0000011075,File:Galvanic Field skill icon.png
0000011078,File:Infuse Weapon skill icon.png
0000011080,File:Cauldron Keeper NPC screenshot.jpg
0000011083,File:Obliterator Bow inventory icon.png
0000011089,File:Doryani NPC screenshot.jpg
0000011098,File:Severed Talon inventory icon.png
0000011099,File:Sulphite Potion inventory icon.png
0000011103,File:Rog NPC screenshot.jpg
0000011104,File:Tujen NPC screenshot.jpg
0000011105,File:Dannig NPC screenshot.jpg
0000011108,File:Lorandis NPC screenshot.jpg
0000011113,File:Makoru NPC screenshot.jpg
0000011114,File:Matiki NPC screenshot.jpg
0000011116,File:Navali NPC screenshot.jpg
0000011118,File:Yama the White.jpg
0000011119,File:Hinekora NPC screenshot.jpg
0000011122,File:Kanu NPC screenshot.jpg
0000011124,"File:Diamora, Song of Death.jpg"
0000011125,File:Diamora fish form.jpg
0000011130,File:Tavakai NPC screenshot.jpg
0000011131,File:Eye of Hinekora area screenshot.jpg
0000011132,File:Halls of the Dead area screenshot.jpg
0000011133,File:Navali's body.jpg
0000011134,File:TavakaiChieftain.png
0000011135,File:TavakaiFallen.png
0000011136,File:TavakaiConsumed.png
0000011137,File:Recruit the Ezomytes quest icon.png
0000011138,File:Recruit the Vaal quest icon.png
0000011139,File:Recruit the Maraketh quest icon.png
0000011140,File:Shrike Island area screenshot.jpg
0000011141,File:Abyssal Depths area screenshot.jpg
0000011143,File:Kedge Bay area screenshot.jpg
0000011145,File:Planetary Orb inventory icon.png
0000011153,File:Heist Cat Pet inventory icon.png
0000011155,File:Vortex ground.jpg
0000011156,File:Eldritch Planetary Orb inventory icon.png
0000011157,File:Void Emperor Planetary Orb inventory icon.png
0000011163,File:Electroswarm Character Effect inventory icon.png
0000011164,File:Project Electroswarm Character Effect inventory icon.png
0000011165,File:Siren Electroswarm Character Effect inventory icon.png
0000011166,File:Void Emperor Electroswarm Character Effect inventory icon.png
0000011172,File:Ghoul Character Effect inventory icon.png
0000011173,File:Demonic Ghoul Character Effect inventory icon.png
0000011174,File:Ghostflame Ghoul Character Effect inventory icon.png
0000011175,File:Stygian Ghoul Character Effect inventory icon.png
0000011180,File:Isolde of the White Shroud.png
0000011182,File:Heldra of the Black Pyre.png
0000011190,File:Journey's End area screenshot.jpg
0000011193,File:Abandoned Prison area screenshot.jpg
0000011223,File:Lurking Creature portrait.png
0000011224,File:Ange portrait.png
0000011225,File:Dawn of the Hunt Mystery Box inventory icon.png
0000011227,File:Solitary Confinement area screenshot.jpg
0000011230,File:Plunder's Point area screenshot.jpg
0000011233,File:Ruhaki NPC screenshot.jpg
0000011236,File:Ngakanu area screenshot.jpg
0000011238,File:Kaimana NPC screenshot.jpg
0000011239,File:Arastas area screenshot.jpg
0000011240,File:The Excavation area screenshot.jpg
0000011241,File:Rhodri NPC screenshot.jpg
0000011243,File:Heart of the Tribe area screenshot.jpg
0000011244,File:Whakapanu Island area screenshot.jpg
0000011246,File:Singing Caverns area screenshot.jpg
0000011248,File:Trial of the Ancestors area screenshot.jpg
0000011249,File:Isle of Kin area screenshot.jpg
0000011250,File:Volcanic Warrens area screenshot.jpg
0000011251,File:Hilda NPC screenshot.jpg
0000011253,File:Clearfell Encampment area screenshot.jpg
0000011254,File:Clearfell area screenshot.jpg
0000011255,File:Mud Burrow area screenshot.jpg
0000011257,File:Crackling Palm skill icon.png
0000011261,File:Mace Strike skill icon.png
0000011264,File:Mace Strike 2H skill icon.png
0000011265,File:Mace Strike Dual skill icon.png
0000011267,File:The Grelwood area screenshot.jpg
0000011268,File:The Red Vale area screenshot.jpg
0000011271,File:The Grim Tangle area screenshot.jpg
0000011272,File:Cemetery of the Eternals area screenshot.jpg
0000011274,File:Bloodsoaked Character Effect inventory icon.png
0000011278,File:Temporal Lord's Portal Effect inventory icon.png
0000011279,File:Tomb of the Consort area screenshot.jpg
0000011280,File:Mausoleum of the Praetor area screenshot.jpg
0000011281,File:Valako's Charge skill icon.png
0000011283,File:Phantasmal Arrow skill icon.png
0000011289,File:The Third Edict Mystery Box inventory icon.png
0000011307,File:Hunting Grounds area screenshot.jpg
0000011308,File:Freythorn area screenshot.jpg
0000011309,File:Ogham Farmlands area screenshot.jpg
0000011310,File:Ogham Village area screenshot.jpg
0000011312,File:The Manor Ramparts area screenshot.jpg
0000011313,File:Ogham Manor area screenshot.jpg
0000011314,"File:Geonor, the Putrid Wolf fog circle.jpg"
0000011315,File:Count Geonor Agnar circle.jpg
0000011317,File:Splinter of Loratta inventory icon.png
0000011318,File:Skeleton Spriggan.png
0000011320,File:Shockblade Construct inactive.png
0000011321,File:Undead Vaal Guard mortar.png
0000011349,"File:Geonor, the Putrid Wolf.jpg"
0000011354,File:The Bloated Miller.jpg
0000011356,File:Beira of the Rotten Pack.jpg
0000011358,File:The Brambleghast.jpg
0000011359,File:The Devourer.jpg
0000011360,File:The Rust King.jpg
0000011361,File:The Rotten Druid.jpg
0000011372,"File:Draven, the Eternal Praetor.jpg"
0000011374,"File:Asinia, the Praetor's Consort.jpg"
0000011375,File:Lachlann of Endless Lament.jpg
0000011377,File:The Crowbell.jpg
0000011378,File:The King in the Mists.jpg
0000011381,File:The Executioner.jpg
0000011383,"File:Candlemass, the Living Rite.jpg"
0000011384,File:Shovel inventory icon.png
0000011386,File:AtlasLoadingScreen loading screen.png
0000011639,File:AlternateWellofSoulsLoadingScreen loading screen.png
0000011646,File:Rathbreaker.jpg
0000011648,File:Vastiri Outskirts area screenshot.jpg
0000011649,File:The Ardura Caravan area screenshot.jpg
0000011650,File:Mawdun Quarry area screenshot.jpg
0000011652,File:AcolyteOfChayulaExtraChaosDamageRed (AcolyteofChayula) passive skill icon.png
0000011653,File:AcolyteOfChayulaExtraChaosDamageBlue (AcolyteofChayula) passive skill icon.png
0000011654,File:AcolyteOfChayulaBreachFlameDoubles (AcolyteofChayula) passive skill icon.png
0000011655,File:Mawdun Mine area screenshot.jpg
0000011656,File:AcolyteOfChayulaBreachFlameDouble passive skill icon.png
0000011657,File:AcolyteOfChayulaFlameSelector (AcolyteofChayula) passive skill icon.png
0000011658,File:AcolyteOfChayulaManaLeechEnergyShield (AcolyteofChayula) passive skill icon.png
0000011659,File:AcolyteOfChayulaUnravelling (AcolyteofChayula) passive skill icon.png
0000011660,File:AcolyteOfChayulaManaLeechInstant (AcolyteofChayula) passive skill icon.png
0000011661,File:AcolyteOfChayulaExtraChaosResistance (AcolyteofChayula) passive skill icon.png
0000011662,File:AcolyteOfChayulaExtraChaosDamage (AcolyteofChayula) passive skill icon.png
0000011663,File:AcolyteOfChayulaBreachWalk (AcolyteofChayula) passive skill icon.png
0000011664,File:AcolyteOfChayulaReplaceSpiritWithDarkness (AcolyteofChayula) passive skill icon.png
0000011665,File:AcolyteOfChayulaDarknessProtectsLonger (AcolyteofChayula) passive skill icon.png
0000011666,File:Traitor's Passage area screenshot.jpg
0000011667,File:The Halani Gates area screenshot.jpg
0000011668,"File:Jamanra, the Risen King.jpg"
0000011671,File:Trial of the Sekhemas area screenshot.jpg
0000011672,"File:Rattlecage, the Earthbreaker.jpg"
0000011675,File:Valley of the Titans area screenshot.jpg
0000011676,File:The Titan Grotto area screenshot.jpg
0000011677,"File:Zalmarath, the Colossus.jpg"
0000011680,File:Keth area screenshot.jpg
0000011681,"File:Kabala, Constrictor Queen.jpg"
0000011682,File:The Lost City area screenshot.jpg
0000011683,File:Buried Shrines area screenshot.jpg
0000011685,"File:Azarian, the Forsaken Son.jpg"
0000011686,"File:Halani, the Water Goddess NPC screenshot.jpg"
0000011687,File:Mastodon Badlands area screenshot.jpg
0000011692,File:The Well of Souls area screenshot.jpg
0000011693,File:AmazonDoubleEvasionfromGlovesBootsHelmsHalvedBodyArmour (Amazon) passive skill icon.png
0000011694,File:AmazonLifeFlasksRecoverManaViceVersa (Amazon) passive skill icon.png
0000011695,File:AmazonIncreasedLifeRecoveryRatePerMissingLife (Amazon) passive skill icon.png
0000011696,File:AmazonConsumeFrenzyChargeGainElementalInstillation (Amazon) passive skill icon.png
0000011697,File:AmazonElementalDamageReductionperElementalInstillation (Amazon) passive skill icon.png
0000011698,File:AmazonGainPhysicalDamageWeaponsAccuracy (Amazon) passive skill icon.png
0000011699,File:AmazonExcessChancetoHitConvertedtoCritHitChance (Amazon) passive skill icon.png
0000011700,File:AmazonSpeedBloodlustedEnemy (Amazon) passive skill icon.png
0000011701,File:AmazonRareUniqueBloodlusted (Amazon) passive skill icon.png
0000011702,File:The Bone Pits area screenshot.jpg
0000011703,"File:Ekbab, Ancient Steed.jpg"
0000011704,"File:Iktab, the Deathlord.jpg"
0000011705,File:Deshar area screenshot.jpg
0000011706,File:Path of Mourning area screenshot.jpg
0000011707,File:The Spires of Deshar area screenshot.jpg
0000011708,"File:Tor Gul, the Defiler.jpg"
0000011709,File:The Dreadnought area screenshot.jpg
0000011710,File:Dreadnought Vanguard area screenshot.jpg
0000011712,"File:Jamanra, the Abomination.jpg"
0000011713,File:OswinDreadWarden.png
0000011717,File:AnundrTheSandworm.png
0000011718,File:LytharaWaywardSpear.png
0000011720,File:AbominableYeti.png
0000011722,File:AkthiFinalSting.png
0000011724,File:StormgoreTheGuardian.png
0000011725,File:RakkarFrozenTalon.png
0000011726,File:ElzarahCobraLord.png
0000011728,File:VornasFellFlame.png
0000011730,File:AzmadiFaridunPrince.png
0000011732,File:ZelinaBloodPriestess.png
0000011733,File:ZolinBloodPriest.png
0000011736,"File:Rudja, the Dread Engineer.jpg"
0000011737,"File:Balbala, the Traitor.jpg"
0000011739,File:AcolyteOfChayulaExtraChaosDamagePerDarkness (AcolyteofChayula) passive skill icon.png
0000011740,File:DeadeyeFrenzyChargesHaveMoreEffect (DeadEye) passive skill icon.png
0000011741,File:DeadeyeFrenzyChargesGeneration (DeadEye) passive skill icon.png
0000011742,File:DeadeyeMoreAccuracy (DeadEye) passive skill icon.png
0000011743,File:DeadeyeProjectileDamageChoose (DeadEye) passive skill icon.png
0000011744,File:KetzuliHighPriest.png
0000011745,File:DeadeyeDealMoreProjectileDamageClose (DeadEye) passive skill icon.png
0000011746,File:DeadeyeDealMoreProjectileDamageFarAway (DeadEye) passive skill icon.png
0000011747,File:DeadeyeGrantsTwoAdditionalProjectiles (DeadEye) passive skill icon.png
0000011748,File:DeadeyeMarkEnemiesSpread (DeadEye) passive skill icon.png
0000011749,File:DeadeyeTailwind (DeadEye) passive skill icon.png
0000011750,File:DeadeyeWindward (DeadEye) passive skill icon.png
0000011751,File:PathfinderLifeFlasks (PathFinder) passive skill icon.png
0000011752,File:PathfinderCanUseConcoctionSkillsMore (PathFinder) passive skill icon.png
0000011753,File:PathfinderShockImmunity (PathFinder) passive skill icon.png
0000011754,File:PathfinderIgniteImmunity (PathFinder) passive skill icon.png
0000011755,File:PathfinderFreezeImmunity (PathFinder) passive skill icon.png
0000011756,File:PathfinderEvasionDmgReducVsElementalDmg (PathFinder) passive skill icon.png
0000011757,File:PathfinderBrewConcoction (PathFinder) passive skill icon.png
0000011758,File:PathfinderAdditionalPoints (PathFinder) passive skill icon.png
0000011759,File:PathfinderBrewConcoctionLightning (PathFinder) passive skill icon.png
0000011760,File:PathfinderBrewConcoctionCold (PathFinder) passive skill icon.png
0000011761,File:PathfinderBrewConcoctionPoison (PathFinder) passive skill icon.png
0000011762,File:PathfinderBrewConcoctionFire (PathFinder) passive skill icon.png
0000011763,File:PathfinderBrewConcoctionBleed (PathFinder) passive skill icon.png
0000011764,File:PathfinderPoisonSpreadsNearbyEnemies (PathFinder) passive skill icon.png
0000011765,File:PathfinderEnemiesMultiplePoisons (PathFinder) passive skill icon.png
0000011766,File:PathfinderCannotBeSlowed (PathFinder) passive skill icon.png
0000011767,File:PathfinderMoreMovemenSpeedUsingSkills (PathFinder) passive skill icon.png
0000011768,File:InfernalistConvertLifeToMana (Infernalist) passive skill icon.png
0000011769,File:InfernalistConvertLifeToSpirit (Infernalist) passive skill icon.png
0000011770,File:InfernalistConvertLifeToEnergyShield (Infernalist) passive skill icon.png
0000011771,File:MoltenFury (Infernalist) passive skill icon.png
0000011772,File:InfernalistTransformIntoDemon1 (Infernalist) passive skill icon.png
0000011773,File:InfernalistTransformIntoDemon2 (Infernalist) passive skill icon.png
0000011774,File:FuryManifest (Infernalist) passive skill icon.png
0000011775,File:Fireblood (Infernalist) passive skill icon.png
0000011776,File:InfernalistInfernalHeat (Infernalist) passive skill icon.png
0000011777,File:InfernalFamiliar (Infernalist) passive skill icon.png
0000011778,File:ScorchTheEarth (Infernalist) passive skill icon.png
0000011779,File:Waypoint map act 1.jpg
0000011780,File:Waypoint map act 1 underground.jpg
0000011782,File:Waypoint map act 2 underground.jpg
0000011783,File:Waypoint map act 2.jpg
0000011784,File:Waypoint map act 3 underground.jpg
0000011785,File:Waypoint map act 3 past.jpg
0000011786,File:Waypoint map act 3.jpg
0000011787,File:Player heavy stun bar.png
0000011788,File:TemporalistGrantsTemporalRiftSkill (Temporalist) passive skill icon.png
0000011789,File:TemporalistGrantsReloadCooldownsSkill (Temporalist) passive skill icon.png
0000011790,File:TemporalistChanceSkillNoCooldownSkill (Temporalist) passive skill icon.png
0000011791,File:TemporalistNearbyEnemiesProjectilesSlowed (Temporalist) passive skill icon.png
0000011792,File:TemporalistFasterRecoup (Temporalist) passive skill icon.png
0000011793,File:TemporalistUnleash (Temporalist) passive skill icon.png
0000011794,File:TemporalistGainMoreCastSpeed8Seconds (Temporalist) passive skill icon.png
0000011795,File:TemporalistGrantsTimeStopSkill (Temporalist) passive skill icon.png
0000011796,File:GrantsArcaneSurge (Stormweaver) passive skill icon.png
0000011797,File:ImprovedArcaneSurge (Stormweaver) passive skill icon.png
0000011798,File:ShockAddditionalTime (Stormweaver) passive skill icon.png
0000011799,File:AllDamageCanShock (Stormweaver) passive skill icon.png
0000011800,File:ChillAddditionalTime (Stormweaver) passive skill icon.png
0000011801,File:AllDamageCanChill (Stormweaver) passive skill icon.png
0000011802,File:GrantsElementalStorm (Stormweaver) passive skill icon.png
0000011803,File:ElementalResistanceInverted (Stormweaver) passive skill icon.png
0000011804,File:ElementalDamageHealsYou (Stormweaver) passive skill icon.png
0000011805,File:ImprovedElementalStorm (Stormweaver) passive skill icon.png
0000011806,File:WarbringerEnemyArmourBrokenBelowZero (Warbringer) passive skill icon.png
0000011807,File:WarbringerEncasedInJade (Warbringer) passive skill icon.png
0000011808,File:WarbringerTotemsDefendedByAncestors (Warbringer) passive skill icon.png
0000011809,File:WarbringerDamageTakenByTotems (Warbringer) passive skill icon.png
0000011810,File:WarbringerBlockChance (Warbringer) passive skill icon.png
0000011811,File:WarbringerCanBlockAllDamageShieldNotRaised (Warbringer) passive skill icon.png
0000011812,File:WarbringerWarcryExplodesCorpses (Warbringer) passive skill icon.png
0000011813,File:WarbringerBreakEnemyArmour (Warbringer) passive skill icon.png
0000011814,File:BloodMageCritDamagePerLife (Bloodmage) passive skill icon.png
0000011815,File:BloodMageLeaveBloodOrbs (Bloodmage) passive skill icon.png
0000011816,File:BloodMageHigherSpellBaseCritStrike (Bloodmage) passive skill icon.png
0000011817,File:BloodPhysicalDamageExtraGore (Bloodmage) passive skill icon.png
0000011818,File:BloodMageDamageLeechedLife (Bloodmage) passive skill icon.png
0000011819,File:BloodMageSaguineTides (Bloodmage) passive skill icon.png
0000011820,File:BloodMageLifeLoss (Bloodmage) passive skill icon.png
0000011821,File:BloodMageGainLifeEnergyShield (Bloodmage) passive skill icon.png
0000011822,File:BloodMageCurseInfiniteDuration (Bloodmage) passive skill icon.png
0000011823,File:LichUnholyMight (Lich) passive skill icon.png
0000011824,File:LichImprovedUnholyMight (Lich) passive skill icon.png
0000011825,File:LichCursedEnemiesExplodeChaos (Lich) passive skill icon.png
0000011826,File:LichApplyAdditionalCurses (Lich) passive skill icon.png
0000011827,File:LichSpellCostESandMoreDMG (Lich) passive skill icon.png
0000011828,File:LichSpellsConsumePowerCharges (Lich) passive skill icon.png
0000011829,File:LichManaRegenBasedOnMaxLife (Lich) passive skill icon.png
0000011830,File:LichLifeCannotChangeWhileES (Lich) passive skill icon.png
0000011831,File:MasteryBlank passive skill icon.png
0000011832,File:AbyssalLichBoneGraft (Lich) passive skill icon.png
0000011833,File:AbyssalLichAbyssalApparition (Lich) passive skill icon.png
0000011834,File:AbyssalLichBoneOffering (Lich) passive skill icon.png
0000011835,File:TitanMoreBodyArmour (Titan) passive skill icon.png
0000011836,File:TitanSlamSkillsAftershock (Titan) passive skill icon.png
0000011837,File:TitanSlamSkillsFistOfWar (Titan) passive skill icon.png
0000011838,File:TitanAdditionalInventory (Titan) passive skill icon.png
0000011839,File:TitanSmallPassiveDoubled (Titan) passive skill icon.png
0000011840,File:TitanYourHitsCrushEnemies (Titan) passive skill icon.png
0000011841,File:TitanMoreStunBuildupEnemies (Titan) passive skill icon.png
0000011842,File:TitanMoreMaxLife (Titan) passive skill icon.png
0000011843,File:SmithofKitavaTriggerFireSpellsMeleeWeapon (SmithofKitava) passive skill icon.png
0000011844,File:SmithOfKitavaFireResistAppliesToColdLightning (SmithofKitava) passive skill icon.png
0000011845,File:SmithOfKitavaImbueMainHandWeapon (SmithofKitava) passive skill icon.png
0000011846,File:SmithOfKitavaCreateMinionMeleeWeapon (SmithofKitava) passive skill icon.png
0000011847,File:SmithOfKitavaImprovedFireResistAppliesToColdLightning (SmithofKitava) passive skill icon.png
0000011848,File:SmithOfKitavaNormalArmourBonus11 (SmithofKitava) passive skill icon.png
0000011849,File:SmithOfKitavaNormalArmourBonus2 (SmithofKitava) passive skill icon.png
0000011850,File:SmithOfKitavaNormalArmourBonus3 (SmithofKitava) passive skill icon.png
0000011851,File:SmithOfKitavaNormalArmourBonus1 (SmithofKitava) passive skill icon.png
0000011852,File:SmithOfKitavaNormalArmourBonus5 (SmithofKitava) passive skill icon.png
0000011853,File:SmithOfKitavaNormalArmourBonus4 (SmithofKitava) passive skill icon.png
0000011854,File:SmithOfKitavaNormalArmourBonus12 (SmithofKitava) passive skill icon.png
0000011855,File:SmithOfKitavaNormalArmourBonus8 (SmithofKitava) passive skill icon.png
0000011856,File:SmithOfKitavaNormalArmourBonus9 (SmithofKitava) passive skill icon.png
0000011857,File:SmithOfKitavaNormalArmourBonus7 (SmithofKitava) passive skill icon.png
0000011858,File:SmithOfKitavaNormalArmourBonus6 (SmithofKitava) passive skill icon.png
0000011859,File:SmithOfKitavaNormalArmourBonus10 (SmithofKitava) passive skill icon.png
0000011860,File:TacticianAlliesGainAttack (Tactician) passive skill icon.png
0000011861,File:TacticianMultipleBanners (Tactician) passive skill icon.png
0000011862,File:TacticianProjectileBuildsPin (Tactician) passive skill icon.png
0000011863,File:TacticianPinnedEnemiesCannotAct (Tactician) passive skill icon.png
0000011864,File:TacticianGainStunThresholdArmour (Tactician) passive skill icon.png
0000011865,File:TacticianEvasionArmourHigher (Tactician) passive skill icon.png
0000011866,File:TacticianDeathFromAboveCommand (Tactician) passive skill icon.png
0000011867,File:TacticianTotems (Tactician) passive skill icon.png
0000011868,File:TacticianTotemAura (Tactician) passive skill icon.png
0000011869,File:TacticianLessSpiritCostBuff (Tactician) passive skill icon.png
0000011870,File:WitchunterSpecPoints (Witchhunter) passive skill icon.png
0000011871,File:WitchunterCullingStrike (Witchhunter) passive skill icon.png
0000011872,File:WitchunterRemovePercentageFullLifeEnemies (Witchhunter) passive skill icon.png
0000011873,File:WitchunterDrainMonsterFocus (Witchhunter) passive skill icon.png
0000011874,File:WitchunterDamageMonsterMissingFocus (Witchhunter) passive skill icon.png
0000011875,File:WitchunterArmourEvasionConvertedSpellAegis (Witchhunter) passive skill icon.png
0000011876,File:WitchunterStrongerSpellAegis (Witchhunter) passive skill icon.png
0000011877,File:WitchunterMonsterHolyExplosion (Witchhunter) passive skill icon.png
0000011878,File:GemlingSkillGemQuality (Gemling) passive skill icon.png
0000011879,File:GemlingLevelAllSkillGems (Gemling) passive skill icon.png
0000011880,File:GemlingLevelStrSkillGems (Gemling) passive skill icon.png
0000011881,File:GemlingLevelIntSkillGems (Gemling) passive skill icon.png
0000011882,File:GemlingLevelDexSkillGems (Gemling) passive skill icon.png
0000011883,File:GemlingSkillsAdditionalSupport (Gemling) passive skill icon.png
0000011884,File:GemlingSameSupportMultipleTimes (Gemling) passive skill icon.png
0000011885,File:GemlingMaxElementalResistanceSupportColour (Gemling) passive skill icon.png
0000011886,File:GemlingBuffSkillsReserveLessSpirit (Gemling) passive skill icon.png
0000011887,File:GemlingHighestAttributeSatisfiesGemRequirements (Gemling) passive skill icon.png
0000011888,File:GemlingInherentBonusesFromAttributesDouble (Gemling) passive skill icon.png
0000011889,File:PrimalistBloodBoils (Primalist) passive skill icon.png
0000011890,File:PrimalistStabCorpseHand (Primalist) passive skill icon.png
0000011891,File:PrimalistPlusOneMaxCharm (Primalist) passive skill icon.png
0000011892,File:PrimalistDrainManaActivateCharms (Primalist) passive skill icon.png
0000011893,File:PrimalistLifeLeechFromElementalOrChaos (Primalist) passive skill icon.png
0000011894,File:PrimalistPlusOneRingSlot (Primalist) passive skill icon.png
0000011895,File:PrimalistIncreasedEffectOfJewellery (Primalist) passive skill icon.png
0000011896,File:InvokerEvasionEnergyShieldGrantsSpirit (Invoker) passive skill icon.png
0000011897,File:InvokerEvasionGrantsPhysicalDamageReduction (Invoker) passive skill icon.png
0000011898,File:InvokerChillChanceBasedOnDamage (Invoker) passive skill icon.png
0000011899,File:InvokerShockMagnitude (Invoker) passive skill icon.png
0000011900,File:InvokerGrantsMeditate (Invoker) passive skill icon.png
0000011901,File:InvokerUnboundAvatar (Invoker) passive skill icon.png
0000011902,File:InvokerEnergyDoubled (Invoker) passive skill icon.png
0000011903,File:InvokerCriticalStrikesIgnoreResistances (Invoker) passive skill icon.png
0000011904,File:InvokerWildStrike (Invoker) passive skill icon.png
0000011907,File:ThaneWulfric.png
0000011908,File:DoryanisTriumph.png
0000011909,File:LadyElswyth.png
0000011911,File:GodwinShatteredCreed.png
0000011914,File:SigbertSulliedOath.png
0000011923,File:Azmeri Reliquary Key inventory icon.png
0000011925,File:BossNotablePlusOneLevel (AtlasTrees) passive skill icon.png
0000011926,File:BossNotableSpawnBeyondMonsters (AtlasTrees) passive skill icon.png
0000011928,File:BossNotableSpawnAdditionalEssence (AtlasTrees) passive skill icon.png
0000011930,File:BossNotableSpawnAdditionalShrine (AtlasTrees) passive skill icon.png
0000011932,File:BossNotableAzmeriSpirit (AtlasTrees) passive skill icon.png
0000011934,File:BossNotableSpawnAdditionalStrongbox (AtlasTrees) passive skill icon.png
0000011936,File:BossNotableGrantMoreExperience (AtlasTrees) passive skill icon.png
0000011938,File:BossNotableDropMoreItems (AtlasTrees) passive skill icon.png
0000011940,File:BossNotableDropRarerItems (AtlasTrees) passive skill icon.png
0000011942,File:ValleyOfDarkness (AtlasTrees) passive skill icon.png
0000011943,File:ExpeditionNotable2 (AtlasTrees) passive skill icon.png
0000011944,File:BreachNotable1 (AtlasTrees) passive skill icon.png
0000011945,File:BreachNotable6 (AtlasTrees) passive skill icon.png
0000011946,File:RitualNotable3 (AtlasTrees) passive skill icon.png
0000011947,File:DeliriumNotable4 (AtlasTrees) passive skill icon.png
0000011948,File:BreachNotable3 (AtlasTrees) passive skill icon.png
0000011949,File:AlvaNotable1 (AtlasTrees) passive skill icon.png
0000011950,File:RitualNotable2 (AtlasTrees) passive skill icon.png
0000011951,File:BreachNotable4 (AtlasTrees) passive skill icon.png
0000011952,File:BreachNotable2 (AtlasTrees) passive skill icon.png
0000011953,File:AlvaNode (AtlasTrees) passive skill icon.png
0000011954,File:BreachNode2 (AtlasTrees) passive skill icon.png
0000011956,File:Sandswept Marsh area screenshot.jpg
0000011957,File:Rootdredge.jpg
0000011959,File:Ziggurat Encampment area screenshot.jpg
0000011960,File:Mighty Silverfist.jpg
0000011963,File:Jungle Ruins area screenshot.jpg
0000011964,File:The Venom Crypts area screenshot.jpg
0000011968,File:Infested Barrens area screenshot.jpg
0000011969,File:The Azak Bog area screenshot.jpg
0000011970,"File:Ignagduk, the Bog Witch.jpg"
0000011975,File:Chimeral Wetlands area screenshot.jpg
0000011976,"File:Xyclucian, the Chimera.jpg"
0000011977,File:The Temple of Chaos area screenshot.jpg
0000011979,File:Jiquani's Machinarium area screenshot.jpg
0000011981,"File:Blackjaw, the Remnant.jpg"
0000012167,File:Hilda portrait.png
0000012169,File:Torbik portrait.png
0000012171,File:Jado portrait.png
0000012172,File:Jado NPC screenshot.jpg
0000012173,File:Dannig portrait.png
0000012174,File:Gwennen portrait.png
0000012175,File:Rog portrait.png
0000012176,File:Tujen portrait.png
0000012177,File:Mortimer portrait.png
0000012179,File:Jiquani's Sanctum area screenshot.jpg
0000012180,"File:Zicoatl, Warden of the Core.jpg"
0000012181,File:The Matlan Waterways area screenshot 2.jpg
0000012182,File:The Matlan Waterways area screenshot.jpg
0000012184,File:The Drowned City area screenshot.jpg
0000012185,File:The Molten Vault area screenshot.jpg
0000012186,File:The Molten Vault area screenshot 2.jpg
0000012187,"File:Mektul, the Forgemaster.jpg"
0000012188,File:Apex of Filth area screenshot.jpg
0000012189,File:The Queen of Filth.jpg
0000012200,File:Temple of Kopec area screenshot.jpg
0000012201,"File:Ketzuli, High Priest of the Sun.jpg"
0000012203,File:Utzaal area screenshot.jpg
0000012215,File:Viper Napuatzi.jpg
0000012218,File:Aggorat area screenshot.jpg
0000012219,File:The Black Chambers area screenshot.jpg
0000012232,"File:Doryani, Royal Thaumaturge.jpg"
0000012233,File:Kingsmarch area screenshot.jpg
0000012266,File:Sunsplinter3D.png
0000012267,File:Bloodbarrier3D.png
0000012268,File:Calgyra's Arc3D.png
0000012269,File:Nocturne3D.png
0000012270,File:Kaltenhalt3D.png
0000012271,File:Rondel de Ezo3D.png
0000012272,File:Silverthorne3D.png
0000012273,File:Dunkelhalt3D.png
0000012274,File:WindowtoParadise.png
0000012275,File:WindowtoParadise WhileBlocking3D.png
0000012276,File:Skysliver3D.png
0000012277,File:SilksofVeneration3D.png
0000012278,File:Tyranny's grip3D.png
0000012279,File:Daevata's Wind3D.png
0000012280,File:Daevata's WindSide3D.png
0000012281,File:Saitha's Spear3D.png
0000012282,File:Chainsting3D.png
0000012283,File:Splinter of Lorrata3D.png
0000012284,File:Spire of Ire3D.png
0000012285,File:Pillar of the Caged God3D.png
0000012286,File:Nazir's Judgement3D.png
0000012287,File:Matsya3D.png
0000012288,File:The Sentry3D.png
0000012289,File:The Blood Thorn3D.png
0000012290,File:Collapsing Horizon3D.png
0000012291,File:Asphyxia's Wrath3D.png
0000012292,File:Beyond Reach3D.png
0000012293,File:Beyond Reach3D 01.png
0000012294,File:Rear Guard3D.png
0000012295,File:Blackgleam3D.png
0000012296,File:The Lethal Draw3D.png
0000012297,File:Murkshaft3D.png
0000012298,File:The Blind Beast.jpg
0000012299,"File:Krutog, Lord of Kin.jpg"
0000012342,File:Scourge of the Skies.jpg
0000012354,File:Derelict Mansion fish board.png
0000012357,File:The Prisoner.jpg
0000012359,File:Freya Hartlin NPC screenshot.jpg
0000012363,File:Captain Hartlin.jpg
0000012389,File:Great White One.jpg
0000012514,File:Yama the White NPC screenshot.jpg
0000012515,"File:Torvian, Hand of the Saviour.jpg"
0000012516,"File:Benedictus, First Herald of Utopia.jpg"
0000012596,"File:Tavakai, the Chieftain.jpg"
0000012597,"File:Tavakai, the Consumed.jpg"
0000012598,"File:Tavakai, the Fallen.jpg"
0000012599,File:Delwyn portrait.png
0000012600,File:Doryani portrait.png
0000012601,File:Makoru portrait.png
0000012602,File:Kanu portrait.png
0000012603,File:Lorandis portrait.png
0000012604,File:Freya Hartlin portrait.png
0000012605,File:Tavakai portrait.png
0000012606,File:Matiki portrait.png
0000012607,File:Kaimana portrait.png
0000012608,File:Navali portrait.png
0000012609,File:Yama the White portrait.png
0000012610,File:Hinekora portrait.png
0000012611,File:Rhodri portrait.png
0000012613,File:Madox portrait.png
0000012614,File:Ange NPC screenshot.jpg
0000012615,File:Marius NPC screenshot.jpg
0000012616,File:Marius portrait.png
0000012621,File:Witch dialogue portrait.png
0000012622,File:Warrior dialogue portrait.png
0000012623,File:Sorceress dialogue portrait.png
0000012624,File:Ranger dialogue portrait.png
0000012625,File:Monk dialogue portrait.png
0000012626,File:Mercenary dialogue portrait.png
0000012627,File:Huntress dialogue portrait.png
0000012900,File:Huntress icon.png
0000012901,File:Mercenary icon.png
0000012902,File:Monk icon.png
0000012903,File:Ranger icon.png
0000012904,File:Sorceress icon.png
0000012905,File:Warrior icon.png
0000012906,File:Witch icon.png
0000012907,File:KalguuranStrNotable passive skill icon.png
0000012908,File:KalguuranDexNotable passive skill icon.png
0000012909,File:KalguuranIntNotable passive skill icon.png
0000012922,File:Boar Talisman inventory icon.png
0000012923,File:Bear Talisman inventory icon.png
0000012924,File:Serpent Talisman inventory icon.png
0000012925,File:Primate Talisman inventory icon.png
0000012926,File:Rabbit Talisman inventory icon.png
0000012927,File:Stag Talisman inventory icon.png
0000012928,File:Owl Talisman inventory icon.png
0000012929,File:Cat Talisman inventory icon.png
0000012930,File:Fox Talisman inventory icon.png
0000012931,File:Ox Talisman inventory icon.png
0000012932,File:Wolf Talisman inventory icon.png
0000012936,File:Talisman of Maxarius inventory icon.png
0000012937,File:Talisman of Eeshta inventory icon.png
0000012938,File:Talisman of Grold inventory icon.png
0000012939,File:Talisman of Egrin inventory icon.png
0000012940,File:Talisman of Thruldana inventory icon.png
0000012941,File:Talisman of Ralakesh inventory icon.png
0000012942,File:Talisman of Sirrius inventory icon.png
0000012950,File:HollowPalmTechniqueKeystone passive skill icon.png
0000012973,File:Piety's Mercy inventory icon.png
0000012979,File:Inevitable Critical inventory icon.png
0000012986,File:Fury of the King bear demon form.png
0000012987,File:Atziri corrupted cinematic.jpg
0000012988,File:Atziri cinematic.png
0000012992,"File:Xipocado, Royal Architect.png"
0000012995,File:Shaman official art.jpg
0000012996,File:Oracle official art.jpg
0000027329,File:Ambrosia inventory icon.png
0000027341,File:Nova Projectiles inventory icon.png
0000027354,File:Ice Bite inventory icon.png
0000027359,File:Biting Frost inventory icon.png
0000027363,File:Shock Conduction inventory icon.png
0000027399,File:Temple-halls.png
0000027400,File:Temple-grid.png
0000027401,File:Temple-of-atziri-1.png
0000027402,File:Temple-of-atziri-2.png
0000027403,File:Temple-of-atziri-4.png
0000027404,File:Temple-of-atziri-5.png
0000027405,File:Temple-of-atziri-6.png
0000027406,File:Temple-of-atziri-7.png
0000027407,File:Temple-of-atziri-8.png
0000027408,File:Temple-of-atziri-9.png
0000027409,File:Temple-of-atziri-10.png
0000027410,File:Temple-of-atziri-11.png
0000027411,File:Temple-of-atziri-12.png
0000027412,File:Temple-of-atziri-13.png
0000027413,File:Temple-of-atziri-14.png
0000027414,File:Temple-of-atziri-15.png
0000027415,File:Temple-of-atziri-16.png
0000027416,File:Temple-of-atziri-3.png
0000027417,File:Temple-of-atziri-17.png
0000027418,File:Temple-of-atziri-18.png
0000027419,File:Temple-of-atziri-19.png
0000027420,File:Temple-of-atziri-20.png
0000027421,File:Temple-of-atziri-21.png
0000027422,File:Temple-of-atziri-22.png
0000027423,File:Temple-of-atziri-23.png
0000027424,File:Temple-of-atziri-24.png
0000027425,File:Temple-of-atziri-25.png
0000027426,File:Temple-of-atziri-26.png
0000027427,File:Temple-of-atziri-27.png
0000027513,File:Mark for Death inventory icon.png
0000027789,File:Plusattribute passive skill icon.png
0000028162,File:Plusstrength passive skill icon.png
0000028163,File:Plusintelligence passive skill icon.png
0000028164,File:Plusdexterity passive skill icon.png
0000029912,File:Unstable Energies passive skill icon.png
0000030564,File:BossingNode (AtlasTrees) passive skill icon.png
0000031835,File:BreachNotable7 (AtlasTrees) passive skill icon.png
0000034428,File:Blood Magic passive skill icon.png
0000034430,File:FireSpellsBecomeChaosSpellsKeystone passive skill icon.png
0000034431,File:CrimsonAssaultKeystone passive skill icon.png
0000034432,File:SorceressInvocationSpellsKeystone passive skill icon.png
0000034433,File:MultipleBeastCompanionsKeystone passive skill icon.png
0000034434,File:ElementalManaLeechKeystone passive skill icon.png
0000034435,File:TemporalistSynchronisationofPain (Temporalist) passive skill icon.png
0000034436,File:TemporalistNode (Temporalist) passive skill icon.png
0000034437,File:TitanNode (Titan) passive skill icon.png
0000034438,File:WarbringerNode (Warbringer) passive skill icon.png
0000034439,File:WitchunterNode (Witchhunter) passive skill icon.png
0000034440,File:TacticianNode (Tactician) passive skill icon.png
0000034441,File:SmithofKitavaNode (SmithofKitava) passive skill icon.png
0000034442,File:PrimalistNode (Primalist) passive skill icon.png
0000034443,File:PrimalistStabCorpse (Primalist) passive skill icon.png
0000034444,File:PathfinderNode (PathFinder) passive skill icon.png
0000034445,File:AbyssalLichNode (Lich) passive skill icon.png
0000034446,File:LichNode (Lich) passive skill icon.png
0000034447,File:InvokerNode (Invoker) passive skill icon.png
0000034448,File:InfernalistNode (Infernalist) passive skill icon.png
0000034449,File:GemlingNode (Gemling) passive skill icon.png
0000034450,File:DeadeyeNode (DeadEye) passive skill icon.png
0000034451,File:BloodMageNode (Bloodmage) passive skill icon.png
0000034452,File:AmazonNode (Amazon) passive skill icon.png
0000034453,File:AcolyteOfChayulaNode (AcolyteofChayula) passive skill icon.png
0000034454,File:StormweaverNode (Stormweaver) passive skill icon.png
0000034455,File:StormweaverRemnant1 (Stormweaver) passive skill icon.png
0000034456,File:StormweaverRemnant2 (Stormweaver) passive skill icon.png
0000034457,File:Accuracydex passive skill icon.png
0000034458,File:Eagleeye passive skill icon.png
0000034459,File:Accuracystr passive skill icon.png
0000034460,File:PhysicalDamageChaosNode passive skill icon.png
0000034461,File:ArchonGeneric passive skill icon.png
0000034462,File:ArchonGenericNotable passive skill icon.png
0000034476,File:BreachNotable5 (AtlasTrees) passive skill icon.png
0000034480,File:DeliriumNode1 (AtlasTrees) passive skill icon.png
0000034481,File:ExpeditionNode1 (AtlasTrees) passive skill icon.png
0000034482,File:RitualNode1 (AtlasTrees) passive skill icon.png
0000034483,File:DeliriumNotable1 (AtlasTrees) passive skill icon.png
0000034484,File:DeliriumNotable8 (AtlasTrees) passive skill icon.png
0000034485,File:DeliriumNotable6 (AtlasTrees) passive skill icon.png
0000034486,File:DeliriumNotable5 (AtlasTrees) passive skill icon.png
0000034487,File:DeliriumNotable7 (AtlasTrees) passive skill icon.png
0000034488,File:DeliriumNotable2 (AtlasTrees) passive skill icon.png
0000034489,File:DeliriumNotable3 (AtlasTrees) passive skill icon.png
0000034490,File:ExpeditionNotable1 (AtlasTrees) passive skill icon.png
0000034491,File:ExpeditionDannig (AtlasTrees) passive skill icon.png
0000034492,File:ExpeditionSpawnMissingLife (AtlasTrees) passive skill icon.png
0000034493,File:ExpeditionNotable4 (AtlasTrees) passive skill icon.png
0000034494,File:ExpeditionNotable3 (AtlasTrees) passive skill icon.png
0000034495,File:ExpeditionNotable5 (AtlasTrees) passive skill icon.png
0000034496,File:RitualReduceRerollCost (AtlasTrees) passive skill icon.png
0000034497,File:Ritual (AtlasTrees) passive skill icon.png
0000034498,File:RitualNotable4 (AtlasTrees) passive skill icon.png
0000034499,File:RitualReducedCostDeferRewards (AtlasTrees) passive skill icon.png
0000034500,File:RitualNotable1 (AtlasTrees) passive skill icon.png
0000034530,File:PathfinderAdditionalPoints passive skill icon.png
0000034536,File:Fate of the Vaal league banner.png
0000034538,File:Druid portrait.png
0000034539,File:Oracle portrait.png
0000034540,File:Shaman portrait.png
0000034541,File:Disciple of Varashta portrait.png
0000034542,File:AtziriLoadingScreen loading screen.png
0000034543,File:Changeling Talisman inventory icon.png
0000034544,File:Nettle Talisman inventory icon.png
0000034547,File:Cinderbark Talisman inventory icon.png
0000034548,File:Familial Talisman inventory icon.png
0000034549,File:Frenzied Talisman inventory icon.png
0000034550,File:Primal Talisman inventory icon.png
0000034551,File:Rabid Talisman inventory icon.png
0000034552,File:Vicious Talisman inventory icon.png
0000034553,File:Voltfang Talisman inventory icon.png
0000034554,File:Roaring Talisman inventory icon.png
0000034555,File:Wingbeat Talisman inventory icon.png
0000034556,File:Condemned Talisman inventory icon.png
0000034557,File:Lumbering Talisman inventory icon.png
0000034558,File:Amor Mandragora inventory icon.png
0000034559,File:Fury of the King inventory icon.png
0000034561,File:Abyss Tablet inventory icon.png
0000034562,File:Ancient Infuser inventory icon.png
0000034563,File:Architect's Orb inventory icon.png
0000034564,File:Crystallised Corruption inventory icon.png
0000034565,File:Vaal Armourer's Infuser inventory icon.png
0000034566,File:Vaal Cultivation Orb inventory icon.png
0000034567,File:Orb of Extraction inventory icon.png
0000034568,File:Core Destabiliser inventory icon.png
0000034570,File:Lightless Book of Knowledge inventory icon.png
0000034572,File:Cartographer's Chisel inventory icon.png
0000034576,File:Vaal Beacon screenshot.png
0000035158,File:AtlassAbyssalNode (AtlasTrees) passive skill icon.png
0000035159,File:AbyssNotable3 (AtlasTrees) passive skill icon.png
0000035160,File:AbyssNotable6 (AtlasTrees) passive skill icon.png
0000035161,File:AbyssCrack (AtlasTrees) passive skill icon.png
0000035162,File:AbyssNotable5 (AtlasTrees) passive skill icon.png
0000035163,File:AbyssMonstersSpawn (AtlasTrees) passive skill icon.png
0000035164,File:AbyssNotable4 (AtlasTrees) passive skill icon.png
0000035165,File:AbyssNotable1 (AtlasTrees) passive skill icon.png
0000035166,File:AbyssNotable2 (AtlasTrees) passive skill icon.png
0000035167,File:AmanamusDefiance passive skill icon.png
0000035168,File:UlamansVision passive skill icon.png
0000035169,File:KurgasAmbition passive skill icon.png
0000035170,File:OracleDiffChoices (Oracle) passive skill icon.png
0000035171,File:OracleEnemiesActionsUnlucky (Oracle) passive skill icon.png
0000035172,File:OracleLifeManaHits (Oracle) passive skill icon.png
0000035173,File:OracleNode (Oracle) passive skill icon.png
0000035174,File:OraclePassiveTreeAllocation (Oracle) passive skill icon.png
0000035175,File:OracleRerollingCrit (Oracle) passive skill icon.png
0000035176,File:OracleRipFromTime (Oracle) passive skill icon.png
0000035177,File:OracleSpellFlux (Oracle) passive skill icon.png
0000035178,File:OracleTotemLimit (Oracle) passive skill icon.png
0000035179,File:ShamanAdaptToElements (Shaman) passive skill icon.png
0000035180,File:ShamanEvenMoreAdaptation (Shaman) passive skill icon.png
0000035181,File:ShamanGainSpiritEmptyCharmSlot (Shaman) passive skill icon.png
0000035182,File:ShamanNode (Shaman) passive skill icon.png
0000035183,File:ShamanPickEleDmg (Shaman) passive skill icon.png
0000035184,File:ShamanRageAffectsSpells (Shaman) passive skill icon.png
0000035185,File:ShamanRageonHit (Shaman) passive skill icon.png
0000035186,File:ShamanRunesTalismans (Shaman) passive skill icon.png
0000035187,File:ShamanUnleashTheElements (Shaman) passive skill icon.png
0000035188,File:DjinnNode (DiscipleoftheDjinn) passive skill icon.png
0000035189,File:ElementalDamageTakenFromMana (DiscipleoftheDjinn) passive skill icon.png
0000035190,File:EnergyShieldPhyDmgReduction (DiscipleoftheDjinn) passive skill icon.png
0000035191,File:FireDjinnEmberSlash (DiscipleoftheDjinn) passive skill icon.png
0000035192,File:FireDjinnFlameRunes (DiscipleoftheDjinn) passive skill icon.png
0000035193,File:FireDjinnMeteoricSlam (DiscipleoftheDjinn) passive skill icon.png
0000035194,File:FocusStaff (DiscipleoftheDjinn) passive skill icon.png
0000035195,File:IncreasedModFocus (DiscipleoftheDjinn) passive skill icon.png
0000035196,File:MoreEnergyShieldRechargeRate (DiscipleoftheDjinn) passive skill icon.png
0000035197,File:SandDjinnDaggerslamSkill (DiscipleoftheDjinn) passive skill icon.png
0000035198,File:SandDjinnCorpseBeetles (DiscipleoftheDjinn) passive skill icon.png
0000035199,File:SandDjinnExplosiveTeleport (DiscipleoftheDjinn) passive skill icon.png
0000035200,File:SummonFireDjinn (DiscipleoftheDjinn) passive skill icon.png
0000035201,File:SummonSandDjinn (DiscipleoftheDjinn) passive skill icon.png
0000035202,File:SummonWaterDjinn (DiscipleoftheDjinn) passive skill icon.png
0000035203,File:TimelostJewelsLargerRadius (DiscipleoftheDjinn) passive skill icon.png
0000035204,File:WaterDjinnChiilldedGroundBurst (DiscipleoftheDjinn) passive skill icon.png
0000035205,File:WaterDjinnESRechargeCommand (DiscipleoftheDjinn) passive skill icon.png
0000035206,File:WaterDjinnCommandOasis (DiscipleoftheDjinn) passive skill icon.png
0000035207,File:Converging Paths.png
0000035208,File:Moment of Vulnerability.png
0000035210,File:Moment of Vulnerability2.png
0000035339,File:Hysseg's Claw inventory icon.png
0000035344,File:The Flesh Poppet inventory icon.png
0000035635,File:Atziri's Splendour inventory icon.png
0000035636,File:Atziri's Step inventory icon.png
0000035637,File:Flesh Crucible inventory icon.png
0000035638,File:Drillneck inventory icon.png
0000035639,File:Atziri's Rule inventory icon.png
0000035640,File:Atziri's Contempt inventory icon.png
0000035690,File:AbyssalLoadingScreen loading screen.png
0000035693,File:Atziri's Impatience inventory icon.png
0000035694,File:PathfinderPathoftheSorceress (PathFinder) passive skill icon.png
0000035695,File:PathfinderPathoftheWarrior (PathFinder) passive skill icon.png
0000035696,File:PathfinderMultichoicePath (PathFinder) passive skill icon.png
0000035697,File:Guatelitzi's Ablation inventory icon.png
0000035698,File:Hayoxi's Fulmination inventory icon.png
0000035700,File:Lavianga's Spirits inventory icon.png
0000035701,File:Vaal Siphoner inventory icon.png
0000035703,File:Guatelitzi's Thesis inventory icon.png
0000035704,File:Citaqualotl's Thesis inventory icon.png
0000035705,File:Quipolatl's Thesis inventory icon.png
0000035706,File:Jiquani's Thesis inventory icon.png
0000035707,File:Vaal unique icon.png
0000035709,File:Fate of the Vaal league icon.png
0000035710,File:Disciple of Varashta official art.jpg
0000035716,File:Shattering Spite skill icon.png
0000035717,File:Molten Crash skill icon.png
0000035718,File:Mirror of Refraction skill icon.png
0000035719,File:Cackling Companions skill icon.png
0000035721,File:Witch2 ascendancy class.png
0000035722,File:Witch1 ascendancy class.png
0000035723,File:Witch3 ascendancy class.png
0000035724,File:Witch3b ascendancy class.png
0000035725,File:Ranger1 ascendancy class.png
0000035726,File:Ranger3 ascendancy class.png
0000035727,File:Druid1 ascendancy class.png
0000035728,File:Druid2 ascendancy class.png
0000035729,File:Warrior1 ascendancy class.png
0000035730,File:Warrior2 ascendancy class.png
0000035731,File:Warrior3 ascendancy class.png
0000035732,File:Monk2 ascendancy class.png
0000035733,File:Monk3 ascendancy class.png
0000035734,File:Huntress1 ascendancy class.png
0000035735,File:Huntress3 ascendancy class.png
0000035736,File:Mercenary3 ascendancy class.png
0000035737,File:Mercenary2 ascendancy class.png
0000035738,File:Mercenary1 ascendancy class.png
0000035739,File:Sorceress1 ascendancy class.png
0000035740,File:Sorceress2 ascendancy class.png
0000035741,File:Sorceress3 ascendancy class.png
0000035743,File:DruidAnimism passive skill icon.png
0000035744,File:DruidRageKeystone passive skill icon.png
0000035745,File:DruidAlternateEnergyShield passive skill icon.png
0000035746,File:DruidWildsurgeIncantation passive skill icon.png
0000035751,File:Rage passive skill icon.png
0000035752,File:Criticalstrikechance passive skill icon.png
0000035753,File:Elementaldamage passive skill icon.png
0000035754,File:Atziri's Chamber temple icon.png
0000035755,File:Sacrifice Room temple icon.png
0000035756,File:Architect's Chamber temple icon.png
0000035757,File:Armoury temple icon.png
0000035758,File:Commander temple icon.png
0000035759,File:Garrison temple icon.png
0000035760,File:Generator temple icon.png
0000035761,File:Golem Works temple icon.png
0000035762,File:Smithy temple icon.png
0000035763,File:Thaumaturge temple icon.png
0000035764,File:Alchemy Lab temple icon.png
0000035766,File:Corruption Chamber temple icon.png
0000035767,File:Flesh Surgeon temple icon.png
0000035768,File:Synthflesh Lab temple icon.png
0000035769,File:Legion Barracks temple icon.png
0000035770,File:Transcendent Barracks temple icon.png
0000035771,File:Royal Access Chamber temple icon.png
0000035772,File:Extraction Chamber temple icon.png
0000035773,File:Augments Vault temple icon.png
0000035774,File:Currency Vault temple icon.png
0000035775,File:Lineage Gems Vault temple icon.png
0000035776,File:Tablets Vault temple icon.png
0000035777,File:Treasure Vault temple icon.png
0000035778,File:Uniques Vault temple icon.png
0000035779,File:Spymaster temple icon.png
0000035780,File:Alchemy Lab temp temple icon.png
0000035781,File:Azcapa's Medallion icon.png
0000035782,File:Xopec's Medallion icon.png
0000035783,File:Estazunti's Medallion icon.png
0000035784,File:Hayoxi's Medallion icon.png
0000035785,File:Juatalotli's Medallion icon.png
0000035786,File:Quipolatl's Medallion icon.png
0000035787,File:Uromoti's Medallion icon.png
0000035788,File:TitanMountainSplitter (Titan) passive skill icon.png
0000035789,File:DeadeyeLingeringMirage (DeadEye) passive skill icon.png
0000035790,File:Serpent Idol inventory icon.png
0000035792,File:Minionattackspeed passive skill icon.png
0000035793,File:MiniondamageBlue passive skill icon.png
0000035794,File:Dmgreduction passive skill icon.png
0000035795,File:LightningDamagenode passive skill icon.png
0000035796,File:Blood2 passive skill icon.png
0000035797,File:ChannellingDamage passive skill icon.png
0000035798,File:BowDamage passive skill icon.png
0000035799,File:Poison passive skill icon.png
0000035800,File:ChaosDamage passive skill icon.png
0000035801,File:ColdDamagenode passive skill icon.png
0000035802,File:MovementSpeedandEvasion passive skill icon.png
0000035803,File:Damage blue passive skill icon.png
0000035804,File:Life1 passive skill icon.png
0000035805,File:Auraeffect passive skill icon.png
0000035806,File:FireDamagenode passive skill icon.png
0000035807,File:Chargedex passive skill icon.png
0000035808,File:Chargeint passive skill icon.png
0000035809,File:IncreasedPhysicalDamage passive skill icon.png
0000035810,File:PhysicalDamageNode passive skill icon.png
0000035811,File:ReducedSkillEffectDurationNode passive skill icon.png
0000035812,File:Manastr passive skill icon.png
0000035813,File:Lifepercentage passive skill icon.png
0000035814,File:DruidShapeshiftBearNode passive skill icon.png
0000035815,File:DruidGenericShapeshiftNode passive skill icon.png
0000035816,File:DruidShapeshiftWolfNode passive skill icon.png
0000035817,File:DruidShapeshiftWyvernNode passive skill icon.png
0000035818,File:ThornsNode1 passive skill icon.png
0000035819,File:DruidShapeshiftBearNotable passive skill icon.png
0000035820,File:MinionChaosResistanceNode passive skill icon.png
0000035821,File:DruidGenericShapeshiftNotable passive skill icon.png
0000035822,File:DruidShapeshiftWolfNotable passive skill icon.png
0000035823,File:Blockstr passive skill icon.png
0000035824,File:DruidShapeshiftWyvernNotable passive skill icon.png
0000035825,File:Minionlife passive skill icon.png
0000035826,File:BannerResourceAreaNode passive skill icon.png
0000035827,File:BannerAreaNotable passive skill icon.png
0000035828,File:AzmeriVividWolf passive skill icon.png
0000035829,File:CompanionsNode1 passive skill icon.png
0000035830,File:EnergyShieldNode passive skill icon.png
0000035831,File:AzmeriSacredFox passive skill icon.png
0000035832,File:Increasedrunspeeddex passive skill icon.png
0000035833,File:SpellSuppresionNode passive skill icon.png
0000035834,File:Manaregeneration passive skill icon.png
0000035835,File:Areaofeffect passive skill icon.png
0000035836,File:ArmourBreak1BuffIcon passive skill icon.png
0000035837,File:EvasionNode passive skill icon.png
0000035838,File:AzmeriPrimalOwl passive skill icon.png
0000035839,File:Attackspeed passive skill icon.png
0000035840,File:Minionstr passive skill icon.png
0000035841,File:MeleeAoENode passive skill icon.png
0000035842,File:LifeRecoupNode passive skill icon.png
0000035843,File:PhysicalDamageOverTimeNode passive skill icon.png
0000035844,File:IncreasedElementalDamageAttackCasteSpeed (Inquistitor) passive skill icon.png
0000035845,File:MonkStrengthChakra passive skill icon.png
0000035846,File:Legstrength passive skill icon.png
0000035847,File:AzmeriPrimalMonkey passive skill icon.png
0000035848,File:Damageaxe passive skill icon.png
0000035849,File:NodeDualWieldingDamage passive skill icon.png
0000035850,File:ArmourAndEnergyShieldNode passive skill icon.png
0000035851,File:BucklerNode1 passive skill icon.png
0000035852,File:Firedamagestr passive skill icon.png
0000035853,File:Lifeleech passive skill icon.png
0000035854,File:Shieldblock passive skill icon.png
0000035855,File:HeraldBuffEffectNode2 passive skill icon.png
0000035856,File:InstillationsNode1 passive skill icon.png
0000035857,File:MonkManaChakra passive skill icon.png
0000035858,File:RangedTotemDamage passive skill icon.png
0000035859,File:ArmourAndEvasionNode passive skill icon.png
0000035860,File:ArmourBreak2BuffIcon passive skill icon.png
0000035861,File:Projectilespeed passive skill icon.png
0000035862,File:2handeddamage passive skill icon.png
0000035863,File:CurseEffectNode passive skill icon.png
0000035864,File:Energyshield passive skill icon.png
0000035865,File:WitchBoneStorm passive skill icon.png
0000035866,File:Lightningint passive skill icon.png
0000035867,File:Executioner passive skill icon.png
0000035868,File:Hunter passive skill icon.png
0000035869,File:InstillationsNotable1 passive skill icon.png
0000035870,File:Stun2h passive skill icon.png
0000035871,File:Bodysoul passive skill icon.png
0000035872,File:ElementalDamagenode passive skill icon.png
0000035873,File:Harrier passive skill icon.png
0000035874,File:Flaskint passive skill icon.png
0000035875,File:IncreasedProjectileSpeedNode passive skill icon.png
0000035876,File:ManaLeechThemedNode passive skill icon.png
0000035877,File:WarCryEffect passive skill icon.png
0000035878,File:AzmeriSacredFoxNotable passive skill icon.png
0000035879,File:AzmeriPrimalMonkeyNotable passive skill icon.png
0000035880,File:AzmeriVividWolfNotable passive skill icon.png
0000035881,File:ElementalDamagewithAttacks2 passive skill icon.png
0000035882,File:ElementalResistance2 passive skill icon.png
0000035883,File:ChaosDamagenode passive skill icon.png
0000035884,File:IncreasedAttackDamageNotable passive skill icon.png
0000035885,File:Icongroundslam passive skill icon.png
0000035886,File:SkillPoint (Ascendants) passive skill icon.png
0000035887,File:Stunstr passive skill icon.png
0000035888,File:MiracleMaker passive skill icon.png
0000035889,File:BucklersNotable1 passive skill icon.png
0000035890,File:ColdResistNode passive skill icon.png
0000035891,File:FireResistNode passive skill icon.png
0000035892,File:LightningResistNode passive skill icon.png
0000035893,File:ChaosDamage2 passive skill icon.png
0000035894,File:AzmeriVividStag passive skill icon.png
0000035895,File:AzmeriVividCat passive skill icon.png
0000035896,File:AzmeriSacredRabbit passive skill icon.png
0000035897,File:CorpseDamage passive skill icon.png
0000035898,File:Evade passive skill icon.png
0000035899,File:EvasionandEnergyShieldNode passive skill icon.png
0000035900,File:Firedamageint passive skill icon.png
0000035901,File:AzmeriWildBear passive skill icon.png
0000035902,File:GreenAttackSmallPassive passive skill icon.png
0000035903,File:Mana passive skill icon.png
0000035904,File:MinionsandManaNode passive skill icon.png
0000035905,File:Damagestaff passive skill icon.png
0000035906,File:Attackspeedbow passive skill icon.png
0000035907,File:AuraNotable passive skill icon.png
0000035908,File:AzmeriWildOx passive skill icon.png
0000035909,File:AzmeriWildBoar passive skill icon.png
0000035910,File:MonkStunChakra passive skill icon.png
0000035916,File:Expand inventory icon.png
0000035917,File:Zarokh's Revolt inventory icon.png
0000035918,File:Eonyr's Thunder inventory icon.png
0000035919,File:Tectonic Slams inventory icon.png
0000035920,File:Oisín's Oath inventory icon.png
0000035921,File:Bhatair's Vengeance inventory icon.png
0000035922,File:Zerphi's Infamy inventory icon.png
0000035923,File:Splinter Totem I inventory icon.png
0000035924,File:Morgana's Tempest inventory icon.png
0000035925,File:Cirel's Cultivation inventory icon.png
0000035926,File:Atziri's Communion inventory icon.png
0000035927,File:Tasalio's Rhythm inventory icon.png
0000035928,File:Khatal's Rejuvenation inventory icon.png
0000035929,File:Mark of Siphoning I inventory icon.png
0000035930,File:Thrill of the Kill I inventory icon.png
0000035931,File:Exposing Cry inventory icon.png
0000035932,File:Opening Move inventory icon.png
0000035933,File:Advancing Storm inventory icon.png
0000035934,File:Echoing Cry inventory icon.png
0000035935,File:Gorge inventory icon.png
0000035936,File:Controlled Hazard inventory icon.png
0000035937,File:Brittle Armour inventory icon.png
0000035938,File:Rending Apex inventory icon.png
0000035939,File:Practical Magic I inventory icon.png
0000035940,File:Blazing Critical inventory icon.png
0000035941,File:Concussive Spells inventory icon.png
0000035942,File:Pounce skill icon.png
0000035943,File:Pounce inventory icon.png
0000035944,File:Feral Invocation skill icon.png
0000035945,File:Feral Invocation inventory icon.png
0000035946,File:Ferocious Roar skill icon.png
0000035947,File:Ferocious Roar inventory icon.png
0000035948,File:Mirage Deadeye skill icon.png
0000035949,File:Spell Totem skill icon.png
0000035950,File:Spell Totem inventory icon.png
0000035953,File:Align Fate skill icon.png
0000035954,File:Moment of Vulnerability skill icon.png
0000035955,File:Briarpatch skill icon.png
0000035956,File:Briarpatch (skill gem) inventory icon.png
0000035959,File:Wolf Pack skill icon.png
0000035960,File:Wolf Pack inventory icon.png
0000035961,File:Flame Breath skill icon.png
0000035962,File:Flame Breath inventory icon.png
0000035963,File:Fury of the Mountain skill icon.png
0000035964,File:Fury of the Mountain inventory icon.png
0000035965,File:Lunar Assault skill icon.png
0000035966,File:Lunar Assault inventory icon.png
0000035967,File:Devour skill icon.png
0000035968,File:Devour inventory icon.png
0000035969,File:Thrashing Vines skill icon.png
0000035970,File:Thrashing Vines inventory icon.png
0000035971,File:Arctic Howl skill icon.png
0000035972,File:Arctic Howl inventory icon.png
0000035973,File:Eternal Rage skill icon.png
0000035974,File:Eternal Rage inventory icon.png
0000035975,File:Barkskin skill icon.png
0000035976,File:Barkskin inventory icon.png
0000035977,File:Thunderstorm skill icon.png
0000035978,File:Thunderstorm inventory icon.png
0000035979,File:Atziri's Temple area screenshot.jpg
0000035980,File:CompanionsNotable1 passive skill icon.png
0000035981,File:MinionElementalResistancesNode passive skill icon.png
0000035982,File:Damagespells passive skill icon.png
0000035983,File:LifeandMana passive skill icon.png
0000035984,File:CursemitigationclusterNode passive skill icon.png
0000035985,File:RageNotable passive skill icon.png
0000035987,File:AlvaNode2 (AtlasTrees) passive skill icon.png
0000035989,File:Shrines (AtlasTrees) passive skill icon.png
0000035990,File:ShrinesNode (AtlasTrees) passive skill icon.png
0000035996,File:AnarchyNotable1 (AtlasTrees) passive skill icon.png
0000035997,File:StrongboxNotable1 (AtlasTrees) passive skill icon.png
0000035998,File:VividPrimalWildWisps (AtlasTrees) passive skill icon.png
0000035999,File:HarvestNotable4 (AtlasTrees) passive skill icon.png
0000036000,File:EssenceNotable3 (AtlasTrees) passive skill icon.png
0000036001,File:AnarchyNotable3 (AtlasTrees) passive skill icon.png
0000036002,File:StrongboxNotable3 (AtlasTrees) passive skill icon.png
0000036004,File:Maul skill icon.png
0000036005,File:Rolling Magma skill icon.png
0000036006,File:Rolling Magma inventory icon.png
0000036007,File:Tornado skill icon.png
0000036008,File:Tornado inventory icon.png
0000036013,File:Rampage skill icon.png
0000036014,File:Rampage inventory icon.png
0000036017,File:Sacrificial Chamber temple icon.png
0000036028,File:Remnant passive skill icon.png
0000036029,File:RemnantNotable passive skill icon.png
0000036032,File:Path automatic connection example.png
0000036034,File:Unforeseen Consequences inventory icon.png
0000036035,File:Ancient Beacons quest icon.png
0000036050,File:Shred skill icon.png
0000036053,File:Rend skill icon.png
0000036054,File:Furious Slam skill icon.png
0000036055,File:Furious Slam inventory icon.png
0000036056,File:Accelerated Growth I inventory icon.png
0000036057,File:Apocalypse skill icon.png
0000036059,File:Static Shocks inventory icon.png
0000036061,"File:Ruzhan, the Blazing Sword skill icon.png"
0000036064,"File:Navira, the Last Mirage skill icon.png"
0000036066,File:Kelari's Malediction skill icon.png
0000036068,"File:Kelari, the Tainted Sands skill icon.png"
0000036071,File:Electromagnetism inventory icon.png
0000036072,File:Volcano skill icon.png
0000036073,File:Volcano inventory icon.png
0000036074,File:Wing Blast skill icon.png
0000036075,File:Wing Blast inventory icon.png
0000036076,File:Oil Barrage skill icon.png
0000036077,File:Oil Barrage inventory icon.png
0000036078,File:Entangle skill icon.png
0000036079,File:Entangle inventory icon.png
0000036080,File:Cross Slash skill icon.png
0000036081,File:Cross Slash inventory icon.png
0000036082,File:Lunar Blessing skill icon.png
0000036083,File:Lunar Blessing inventory icon.png
0000036084,File:Dreamer's Knell inventory icon.png
0000036085,File:Xibaqua's Rending inventory icon.png
0000036086,File:Creeping Chill inventory icon.png
0000036087,File:Savage Fury skill icon.png
0000036088,File:Savage Fury inventory icon.png
0000036089,File:Walking Calamity skill icon.png
0000036090,File:Walking Calamity inventory icon.png
0000036091,File:Fan The Flames I inventory icon.png
0000036092,File:Poison Spores inventory icon.png
0000036093,File:Deadly Resolve inventory icon.png
0000036094,File:Empowered Sparks I inventory icon.png
0000036095,File:Catalysing Elements inventory icon.png
0000036096,File:Charged Mark inventory icon.png
0000036106,File:Oracle avatar.png
0000036107,File:Shaman avatar.png
0000036108,File:Amazon avatar.png
0000036109,File:Ritualist avatar.png
0000036110,File:Disciple of Varashta avatar.png
0000036111,File:Tactician avatar.png
0000036112,File:Lich avatar.png
0000036113,File:Abyssal Lich avatar.png
0000036124,File:Smith of Kitava avatar.png
0000036126,File:Flaskstr passive skill icon.png
0000036127,File:Colddamage passive skill icon.png
0000036128,File:Avoidchilling passive skill icon.png
0000036129,File:Castspeed passive skill icon.png
0000036130,File:ChannellingAttacksNode passive skill icon.png
0000036131,File:Macedmg passive skill icon.png
0000036132,File:Onehanddamage passive skill icon.png
0000036133,File:Flaskdex passive skill icon.png
0000036134,File:MineAreaOfEffectNode passive skill icon.png
0000036135,File:Trapsmax passive skill icon.png
0000036136,File:HiredKiller2 passive skill icon.png
0000036137,File:Spellcritical passive skill icon.png
0000036138,File:RareMonstersnode (AtlasTrees) passive skill icon.png
0000036139,File:CharmNode1 passive skill icon.png
0000036140,File:FortifyNode passive skill icon.png
0000036141,File:WordsOfGlory passive skill icon.png
0000036142,File:Knockback passive skill icon.png
0000036143,File:Criticaldaggerint passive skill icon.png
0000036144,File:Damagesword passive skill icon.png
0000036145,File:Trapdamage passive skill icon.png
0000036146,File:IncreasedChaosDamage passive skill icon.png
0000036147,File:SpearsNode1 passive skill icon.png
0000036148,File:ItemQuantityandRarity (AtlasTrees) passive skill icon.png
0000036149,File:ModifierTier (AtlasTrees) passive skill icon.png
0000036150,File:ProjectileDmgNode passive skill icon.png
0000036151,File:AbyssStrNotableConverted passive skill icon.png
0000036152,File:ClustersLinknode2 passive skill icon.png
0000036153,File:ShieldNodeOffensive passive skill icon.png
0000036154,File:ChannellingSpeed passive skill icon.png
0000036157,File:His Grave Command inventory icon.png
0000036158,File:His Grave Command skill icon.png
0000036160,File:Sacrificial Regalia inventory icon.png
0000036162,"File:Atziri, the Fell Serpent.png"
0000036164,File:Atziri's Medallion inventory icon.png
0000036401,File:SoulTetherKeystone passive skill icon.png
0000036403,File:DivineFlesh passive skill icon.png
0000036404,File:CorruptedDefences passive skill icon.png
0000036405,File:VaalOffensive passive skill icon.png
0000036406,File:VaalDefensive passive skill icon.png
0000036407,File:VaalNotableOffensive passive skill icon.png
0000036408,File:VaalNotableDefensive passive skill icon.png
0000036409,File:StrengthOfBlood passive skill icon.png
0000036410,File:TemperedByWar passive skill icon.png
0000036411,File:FocusedRage passive skill icon.png
0000036412,File:WindDancer passive skill icon.png
0000036413,File:OasisKeystone passive skill icon.png
0000036414,File:SharpandBrittle passive skill icon.png
0000036415,File:TheBlindMonk passive skill icon.png
0000036416,File:TranscendenceKeystone passive skill icon.png
0000036417,File:InnerConviction passive skill icon.png
0000036418,File:PowerOfPurpose passive skill icon.png
0000036419,File:EternalEmpireDefensiveNotable passive skill icon.png
0000036420,File:DevotionNotable passive skill icon.png
0000036421,File:SupremeDecadence passive skill icon.png
0000036422,File:SupremeGrandstand passive skill icon.png
0000036423,File:SupremeEgo passive skill icon.png
0000036424,File:SupremeProdigy passive skill icon.png
0000036425,File:EternalEmpireOffensiveNotable passive skill icon.png
0000036426,File:DevotionNode passive skill icon.png
0000036427,File:EternalEmpireBlank passive skill icon.png
0000036429,File:AbyssDexNotableConverted passive skill icon.png
0000036430,File:AbyssIntNotableConverted passive skill icon.png
0000036432,File:MonkAccuracyChakra passive skill icon.png
0000036646,File:Zantipi's Medallion icon.png
0000036647,File:Puhuarte's Medallion icon.png
0000036699,File:Temporal Sandstorm.webm
0000036701,File:File User Sarno wiki screenshot.png
0000036747,File:StrongboxNode1 (AtlasTrees) passive skill icon.png
0000036748,File:MoreWildWisps (AtlasTrees) passive skill icon.png
0000036749,File:MoreVividWisps (AtlasTrees) passive skill icon.png
0000036750,File:MorePrimalWisps (AtlasTrees) passive skill icon.png
0000036751,File:EssenceNode1 (AtlasTrees) passive skill icon.png
0000036752,File:Watchstonenotable1 (AtlasTrees) passive skill icon.png
0000036753,File:Mapnode (AtlasTrees) passive skill icon.png
0000036756,File:AzmeriSpiritsNode (AtlasTrees) passive skill icon.png
0000036802,File:The Jade Isles world map screenshot.png
0000036806,File:Temple-connections-diagram.png
0000036812,File:AzmeriVividStagNotable passive skill icon.png
0000036813,File:AzmeriWildBearNotable passive skill icon.png
0000036814,File:AzmeriPrimalOwlNotable passive skill icon.png
0000036815,File:AzmeriPrimalSnake passive skill icon.png
0000036816,File:AzmeriPrimalSnakeNotable passive skill icon.png
0000036817,File:AzmeriWildBoarNotable passive skill icon.png
0000036818,File:AzmeriWildOxNotable passive skill icon.png
0000036819,File:AzmeriVividCatNotable passive skill icon.png
0000036820,File:AzmeriSacredRabbitNotable passive skill icon.png
0000036849,File:The Last of the Druids logo.png
0000036851,File:CharmNotable1 passive skill icon.png
0000036852,File:FlaskNotableCritStrikeRecharge passive skill icon.png
0000036853,File:IncreasedMaximumLifeNotable passive skill icon.png
0000036854,File:FlaskNotableFlasksLastLonger passive skill icon.png
0000036855,File:Frostborn passive skill icon.png
0000036856,File:MonkElementalChakra passive skill icon.png
0000036857,File:ChannellingAttacksNotable2 passive skill icon.png
0000036858,File:Flameborn passive skill icon.png
0000036859,File:Firedamage passive skill icon.png
0000036860,File:Storm Weaver passive skill icon.png
0000036861,File:Stormborn passive skill icon.png
0000036862,File:EvasionAndBlindNotable passive skill icon.png
0000036863,File:CursemitigationclusterNotable passive skill icon.png
0000036864,File:Annihilation passive skill icon.png
0000036865,File:IncreasedManaCostNotable passive skill icon.png
0000036866,File:MineManaReservationNotable passive skill icon.png
0000036867,File:PressurePoints passive skill icon.png
0000036868,File:Deepwisdom passive skill icon.png
0000036869,File:ChainingProjectiles passive skill icon.png
0000036870,File:Trap passive skill icon.png
0000036871,File:ProjectilesNotable passive skill icon.png
0000036872,File:SpearsNotable1 passive skill icon.png
0000036873,File:ProjectileDmgNotable passive skill icon.png
0000036874,File:Newnewattackspeed passive skill icon.png
0000036875,File:Ashfrostandstorm passive skill icon.png
0000036876,File:Warrior passive skill icon.png
0000036877,File:SpellSupressionNotable1 passive skill icon.png
0000036878,File:PhysicalDamageOverTimeNotable passive skill icon.png
0000036879,File:ExplosiveGrenade passive skill icon.png
0000036880,File:CriticalStrikesNotable passive skill icon.png
0000036881,File:Criticalstrikechance2 passive skill icon.png
0000036882,File:ClawsOfTheMagpie passive skill icon.png
0000036883,File:AbyssJewelNode passive skill icon.png
0000036884,File:ArchonLightning passive skill icon.png
0000036885,File:ArchonCold passive skill icon.png
0000036886,File:MonkHealthChakra passive skill icon.png
0000036887,File:ArchonFire passive skill icon.png
0000036888,File:ArcaneCloak passive skill icon.png
0000036889,File:Axedmgspeed passive skill icon.png
0000036890,File:Auraareaofeffect passive skill icon.png
0000036891,File:ArchonFireNotable passive skill icon.png
0000036892,File:TrapAndMineDmgNode passive skill icon.png
0000036893,File:Strongarm passive skill icon.png
0000036894,File:Steelspan passive skill icon.png
0000036895,File:Meleerange passive skill icon.png
0000036896,File:Lightningstr passive skill icon.png
0000036897,File:Hearty passive skill icon.png
0000036898,File:Finesse passive skill icon.png
0000036899,File:AtlasPassiveMasterySextant (AtlasTrees) passive skill icon.png
0000036900,File:AtlasPassiveMasteryMap (AtlasTrees) passive skill icon.png
0000036901,File:Fireresist passive skill icon.png
0000036902,File:ElementalAilmentResistance passive skill icon.png
0000036903,File:Coldresist passive skill icon.png
0000036904,File:BattleRouse passive skill icon.png
0000036905,File:AspectOfTheLynx passive skill icon.png
0000036906,File:SpellMultiplyer2 passive skill icon.png
0000036907,File:MonkEnergyShieldChakra passive skill icon.png
0000036908,File:IncreasedAttackDamageNode passive skill icon.png
0000036909,File:ElementalDominion2 passive skill icon.png
0000036910,File:ThrillKiller passive skill icon.png
0000036911,File:Minionint passive skill icon.png
0000036912,File:StrikeRangeNode passive skill icon.png
0000036913,File:Dualwieldblock passive skill icon.png
0000036914,File:GolemsNode passive skill icon.png
0000036915,File:ImpaleNode2 passive skill icon.png
0000036916,File:ThornsNotable1 passive skill icon.png
0000036917,File:Damagedualwield passive skill icon.png
0000036918,File:DruidTalismansShapeshiftKeystone passive skill icon.png
0000036919,File:HeartandSoul passive skill icon.png
0000036920,File:LethalAssault passive skill icon.png
0000036921,File:Lifemana passive skill icon.png
0000036922,File:StunAvoidNotable passive skill icon.png
0000036932,File:Eye of the Storm anomaly.png
0000036933,File:Temporal Sandstorm anomaly.png
0000036934,File:Estazunti's Vault anomaly.png
0000036935,File:Mansion in the Mists anomaly.png
0000036936,File:Temporal Tether screenshot.png
0000036937,File:Karui Beacon screenshot.png
0000036938,File:Draiocht Hengestone screenshot.png
0000036939,File:Vessel of Estazunti screenshot.png
0000036942,File:Waypoint map act 3 lake.jpg
0000036943,File:Royal Colossus.png
0000036944,File:Royal Sentinel 2.png
0000036945,File:Shrine screenshot.png
0000036946,File:Impaled Karui screenshot.png
0000036947,File:Corpse Nest screenshot.png
0000036948,File:Dead Man's Chest screenshot.png
0000036950,File:Fate of the Vaal quest icon.png
0000036952,File:Tangmazu NPC screenshot.png
0000036955,File:Petrified Pirate screenshot.png
0000036957,File:Madox NPC screenshot.jpg
0000036971,File:Blood Salve status icon.png
0000036990,File:Alternate Art Eye Of Chayula inventory icon.png
0000036991,File:Sione's Temper.png
0000036992,File:Alternate Art Victarios Acuity inventory icon.png
0000036994,File:Alternate Art Winterheart inventory icon.png
0000037007,File:Flammability status icon.png
0000037025,File:Revered Vestments inventory icon.png
0000037029,File:Spirit Walker official art.jpg
0000037030,File:Martial Artist official art.jpg
0000037122,File:Husk of Dreams inventory icon.png
0000037134,File:Eye of Winter Flame Wall Ignited Ground Test.jpg
0000037144,File:Verisium Cuffs inventory icon.png
0000037155,File:Alternate Art Doedres Damning inventory icon.png
0000037161,File:Vaal Infuser inventory icon.png
0000037163,File:Legion Commander Helmet inventory icon.png
0000037165,File:Scourge Commander Helmet inventory icon.png
0000037166,File:Scourge Commander Gloves inventory icon.png
0000037168,File:Legion Commander Gloves inventory icon.png
0000037181,File:Kaom's Lesson inventory icon.png
0000037182,File:Rakiata's Lesson inventory icon.png
0000037183,File:Mageblood inventory icon.png
0000037185,File:Verisium inventory icon.png
0000037188,File:Martial Artist portrait.png
0000037189,File:Spirit Walker portrait.png
0000037190,File:Monk1 ascendancy class.png
0000037191,File:Huntress2 ascendancy class.png
0000040384,File:Temple Tablet inventory icon.png
0000040385,File:Farrow NPC screenshot.jpg
0000040388,File:MartialArtistAdditionalComboHit (MartialArtist) passive skill icon.png
0000040389,File:MartialArtistAllAttacksGenerateCombo (MartialArtist) passive skill icon.png
0000040390,File:MartialArtistMantraofIllusions (MartialArtist) passive skill icon.png
0000040391,File:MartialArtistSpectralBell (MartialArtist) passive skill icon.png
0000040392,File:MartialArtistCarrySoectralBell (MartialArtist) passive skill icon.png
0000040393,File:MartialArtistExtraRunes (MartialArtist) passive skill icon.png
0000040394,File:MartialArtistHandWraps (MartialArtist) passive skill icon.png
0000040395,File:MartialArtistCoveredinStone (MartialArtist) passive skill icon.png
0000040397,File:MartialArtistNode (MartialArtist) passive skill icon.png
0000040401,File:WildspeakerVividStags (Wildspeaker) passive skill icon.png
0000040402,File:WildspeakerVividWisps (Wildspeaker) passive skill icon.png
0000040403,File:WildspeakerWildBear (Wildspeaker) passive skill icon.png
0000040404,File:WildspeakerCompanionDmgWeapon (Wildspeaker) passive skill icon.png
0000040405,File:WildspeakerOwlFeathers (Wildspeaker) passive skill icon.png
0000040406,File:WildspeakerOwlFeatherHigherCritDmg (Wildspeaker) passive skill icon.png
0000040409,File:WildspeakerSacredWisp (Wildspeaker) passive skill icon.png
0000040410,File:WildspeakerTameBeastTargetUnique (Wildspeaker) passive skill icon.png
0000040411,File:WildspeakerBonusPerSocketedTalisman (Wildspeaker) passive skill icon.png
0000040412,File:WildspeakerNode (Wildspeaker) passive skill icon.png
0000040420,File:AcolyteOfChayulaSpecialNode (AcolyteofChayula) passive skill icon.png
0000040763,File:Blazing Flux inventory icon.png
0000040764,File:Crackling Flux inventory icon.png
0000040765,File:Perfect Flux inventory icon.png
0000040766,File:Void Flux inventory icon.png
0000040767,File:Chilling Flux inventory icon.png
0000040768,File:Thaumaturgic Flux inventory icon.png
0000040770,File:Thaumaturgic Flux (Level 1) inventory icon.png
0000040771,File:Revered Starlit Ore inventory icon.png
0000040773,File:Runic Alloy inventory icon.png
0000040774,File:Swift Alloy inventory icon.png
0000040775,File:Expansive Alloy inventory icon.png
0000040776,File:Mystic Alloy inventory icon.png
0000040777,File:StreamOfConsciousnessKeystone passive skill icon.png
0000040778,File:MountainBiome (AtlasTrees) passive skill icon.png
0000040780,File:MountainBiomeNode (AtlasTrees) passive skill icon.png
0000040781,File:HybridStrongboxShrines (AtlasTrees) passive skill icon.png
0000040782,File:Cyclonic Alloy inventory icon.png
0000040783,File:Prismatic Alloy inventory icon.png
0000040784,File:Protective Alloy inventory icon.png
0000040785,File:Sovereign Alloy inventory icon.png
0000040786,File:The Runebinder's Alloy inventory icon.png
0000040787,File:The Runefather's Alloy inventory icon.png
0000040788,File:Transcendent Alloy inventory icon.png
0000040789,File:Celestial Alloy inventory icon.png
0000040790,File:Adaptive Alloy inventory icon.png
0000040791,File:Thaumaturgic Flux (Level 2) inventory icon.png
0000040792,File:Thaumaturgic Flux (Level 4) inventory icon.png
0000040793,File:Thaumaturgic Flux (Level 3) inventory icon.png
0000040794,File:Thaumaturgic Flux (Level 20) inventory icon.png
0000040795,File:Thaumaturgic Flux (Level 19) inventory icon.png
0000040796,File:Thaumaturgic Flux (Level 18) inventory icon.png
0000040797,File:Thaumaturgic Flux (Level 11) inventory icon.png
0000040798,File:Thaumaturgic Flux (Level 17) inventory icon.png
0000040799,File:Thaumaturgic Flux (Level 16) inventory icon.png
0000040800,File:Thaumaturgic Flux (Level 15) inventory icon.png
0000040801,File:Thaumaturgic Flux (Level 14) inventory icon.png
0000040802,File:Thaumaturgic Flux (Level 13) inventory icon.png
0000040803,File:Thaumaturgic Flux (Level 12) inventory icon.png
0000040804,File:Thaumaturgic Flux (Level 10) inventory icon.png
0000040805,File:Thaumaturgic Flux (Level 9) inventory icon.png
0000040806,File:Thaumaturgic Flux (Level 8) inventory icon.png
0000040807,File:Thaumaturgic Flux (Level 7) inventory icon.png
0000040808,File:Thaumaturgic Flux (Level 6) inventory icon.png
0000040809,File:Thaumaturgic Flux (Level 5) inventory icon.png
0000040810,File:Time-Lost Diamond inventory icon.png
0000040811,File:Diamond inventory icon.png
0000040812,File:Voices inventory icon.png
0000040822,File:Comparison2hfacebreaker.jpg
0000040823,File:Comparisonfacebreaker.png
0000040825,File:Facebreaker inventory icon.png
0000040827,File:Potent Liquid Melancholy inventory icon.png
0000040828,File:Potent Liquid Contempt inventory icon.png
0000040829,File:Potent Liquid Ferocity inventory icon.png
0000040830,File:Ancient Liquid Disgust inventory icon.png
0000040831,File:Ancient Liquid Despair inventory icon.png
0000040832,File:Ancient Liquid Paranoia inventory icon.png
0000040833,File:Ancient Liquid Envy inventory icon.png
0000040834,File:Ancient Potent Liquid Contempt inventory icon.png
0000040835,File:Ancient Potent Liquid Melancholy inventory icon.png
0000040836,File:Ancient Potent Liquid Ferocity inventory icon.png
0000040837,File:Ancient Diluted Liquid Guilt inventory icon.png
0000040838,File:Ancient Diluted Liquid Greed inventory icon.png
0000040839,File:Ancient Diluted Liquid Ire inventory icon.png
0000040840,File:Ancient Concentrated Liquid Suffering inventory icon.png
0000040841,File:Ancient Concentrated Liquid Fear inventory icon.png
0000040842,File:Ancient Concentrated Liquid Isolation inventory icon.png
0000040845,File:Astrid's Creativity inventory icon.png
0000040846,File:GemlingBarrier (Gemling) passive skill icon.png
0000040847,File:Virtuous Barrier skill icon.png
0000040848,File:Virtuous Barrier inventory icon.png
0000040849,File:Omen of Chaotic Effectiveness inventory icon.png
0000040850,File:CityBiome (AtlasTrees) passive skill icon.png
0000040851,File:WaterBiomeNode (AtlasTrees) passive skill icon.png
0000040852,File:WaterBiome (AtlasTrees) passive skill icon.png
0000040853,File:HybridShrineAzmeriSpirit (AtlasTrees) passive skill icon.png
0000040855,File:Aldur's Saga inventory icon.png
0000040856,File:Medved's Saga inventory icon.png
0000040857,File:Olroth's Saga inventory icon.png
0000040858,File:Uhtred's Saga inventory icon.png
0000040859,File:Vorana's Saga inventory icon.png
0000040860,File:StoneCircles (AtlasTrees) passive skill icon.png
0000040861,File:CityBiomeNode (AtlasTrees) passive skill icon.png
0000040869,File:Mastered Domain inventory icon.png
0000040872,File:Journey to the East inventory icon.png
0000040888,File:Venerable Starlit Ore inventory icon.png
0000040898,File:The Ordained inventory icon.png
0000040899,File:Twisted Empyrean inventory icon.png
0000040900,File:Horror's Flight inventory icon.png
0000040901,File:The Raven's Flock inventory icon.png
0000040902,File:Sylvan's Effigy inventory icon.png
0000040903,File:Periphery inventory icon.png
0000040904,File:Liminal Coil inventory icon.png
0000040905,File:Nightfall inventory icon.png
0000040906,File:The Auspex inventory icon.png
0000040907,File:Decree of Acuity inventory icon.png
0000040908,File:Decree of Flight inventory icon.png
0000040909,File:Decree of Loyalty inventory icon.png
0000040910,File:Duality inventory icon.png
0000040911,File:Eyes of the Runefather inventory icon.png
0000040912,File:Loreweave inventory icon.png
0000040913,File:Forgotten Warden inventory icon.png
0000040914,File:Opportunity inventory icon.png
0000040915,File:Sadist's Mercy inventory icon.png
0000040916,File:Veilpiercer inventory icon.png
0000040917,File:Uhtred's Chalice inventory icon.png
0000040918,File:Immaculate Adherence inventory icon.png
0000040919,File:Vestige of Darkness inventory icon.png
0000040920,File:The Taming inventory icon.png
0000040921,File:Split Personality inventory icon.png
0000040922,File:Brutus' Lead Sprinkler inventory icon.png
0000040924,File:Ironbound inventory icon.png
0000040925,File:Redemption inventory icon.png
0000040926,File:Cat O' Nine Tails inventory icon.png
0000040927,File:Geofri's Sanctuary inventory icon.png
0000040928,File:Eternal Mark inventory icon.png
0000040929,File:Martyr of the First Edict rank.png
0000040931,File:Paralysing Staff inventory icon.png
0000040932,File:The Sunken Vessel inventory icon.png
0000040933,File:Spiteful Floret inventory icon.png
0000040934,File:Surge of the Tide inventory icon.png
0000040935,File:Berek's Grip inventory icon.png
0000040936,File:Berek's Pass inventory icon.png
0000040937,File:Berek's Respite inventory icon.png
0000040938,File:Roaring Staff inventory icon.png
0000040939,File:Sanctified Staff inventory icon.png
0000040940,File:Idol of Alira inventory icon.png
0000040941,File:Idol of Eramir inventory icon.png
0000040942,File:Idol of Greust inventory icon.png
0000040943,File:Hawk Idol inventory icon.png
0000040944,File:Idol of Kraityn inventory icon.png
0000040945,File:Idol of Oak inventory icon.png
0000040946,File:Idol of Silk inventory icon.png
0000040947,File:Idol of the Martyr inventory icon.png
0000040948,File:Idol of the Pharisee inventory icon.png
0000040949,File:Idol of Yeena inventory icon.png
0000040950,File:Idol of the Sycophant inventory icon.png
0000040951,File:Panther Idol inventory icon.png
0000040952,File:Stoat Idol inventory icon.png
0000040953,File:Carved Cunning inventory icon.png
0000040954,File:Carved Majesty inventory icon.png
0000040955,File:Carved Mischief inventory icon.png
0000040956,File:Carved Tenacity inventory icon.png
0000040957,File:Martyr of the First Edict Carn.png
0000040959,File:Serle's Grit inventory icon.png
0000040960,File:Eventide Petals inventory icon.png
0000040961,File:The Unleashed inventory icon.png
0000040963,File:Martyr of the First Edict warning.png
0000040970,File:Split-personality.png
0000040985,File:Harbinger of Madness skill icon.png
0000040986,File:StoneCirclesNode (AtlasTrees) passive skill icon.png
0000040987,File:DesertBiomeNode (AtlasTrees) passive skill icon.png
0000040988,File:ForestBiomeNode (AtlasTrees) passive skill icon.png
0000040989,File:GrassBiomeNode (AtlasTrees) passive skill icon.png
0000040990,File:HybridEssenceRogueExile (AtlasTrees) passive skill icon.png
0000040991,File:HybridRogueExileStoneCircle (AtlasTrees) passive skill icon.png
0000040992,File:SwampBiomeNode (AtlasTrees) passive skill icon.png
0000040993,File:BossMapDrops (AtlasTrees) passive skill icon.png
0000040994,File:RareMonstersnotable (AtlasTrees) passive skill icon.png
0000040995,File:DesertBiome (AtlasTrees) passive skill icon.png
0000040996,File:KiracNotable4 (AtlasTrees) passive skill icon.png
0000040997,File:SwampBiome (AtlasTrees) passive skill icon.png
0000040998,File:GrassBiome (AtlasTrees) passive skill icon.png
0000040999,File:ForestBiome (AtlasTrees) passive skill icon.png
0000041000,File:ExceptionalItemsHelmets (AtlasTrees) passive skill icon.png
0000041001,File:ExceptionalItemsWeaponsShields (AtlasTrees) passive skill icon.png
0000041002,File:ExceptionalItemsBoots (AtlasTrees) passive skill icon.png
0000041003,File:ExceptionalItemsGloves (AtlasTrees) passive skill icon.png
0000041004,File:ExceptionalItemsBodyArmour (AtlasTrees) passive skill icon.png
0000041005,File:MapsAdditionalBreaches (AtlasTrees) passive skill icon.png
0000041006,File:GemlingLevelAllSkillGems (4k) passive skill icon.png
0000041007,File:Betrayal of Aldur inventory icon.png
0000041008,File:Aldur's Legacy inventory icon.png
0000041009,File:Ancient Rune of Animosity inventory icon.png
0000041010,File:Ancient Rune of Control inventory icon.png
0000041011,File:Ancient Rune of Discovery inventory icon.png
0000041012,File:Ancient Rune of Prowess inventory icon.png
0000041013,File:Ancient Rune of Retaliation inventory icon.png
0000041014,File:Ancient Rune of Splinters inventory icon.png
0000041015,File:Masterwork Rune inventory icon.png
0000041016,File:Perfect Adept Rune inventory icon.png
0000041017,File:Perfect Body Rune inventory icon.png
0000041018,File:Perfect Charging Rune inventory icon.png
0000041019,File:Perfect Desert Rune inventory icon.png
0000041020,File:Perfect Glacial Rune inventory icon.png
0000041021,File:Perfect Inspiration Rune inventory icon.png
0000041022,File:Perfect Iron Rune inventory icon.png
0000041023,File:Perfect Mind Rune inventory icon.png
0000041024,File:Perfect Rebirth Rune inventory icon.png
0000041025,File:Perfect Resolve Rune inventory icon.png
0000041026,File:Perfect Robust Rune inventory icon.png
0000041027,File:Perfect Stone Rune inventory icon.png
0000041028,File:Perfect Storm Rune inventory icon.png
0000041029,File:Perfect Vision Rune inventory icon.png
0000041030,File:Perfect Ward Rune inventory icon.png
0000041032,File:Aldur's Legacy unique rune inventory icon.png
0000041033,File:Legacy of Adonia's Ego inventory icon.png
0000041034,File:Legacy of Alkem Eira inventory icon.png
0000041035,File:Legacy of A Worthy Foe inventory icon.png
0000041036,File:Legacy of Amor Mandragora inventory icon.png
0000041037,File:Legacy of Ashrend inventory icon.png
0000041038,File:Legacy of Blackbraid inventory icon.png
0000041039,File:Starlit Ore inventory icon.png
0000041040,File:Veridical Starlit Ore inventory icon.png
0000041041,File:Warding Starlit Ore inventory icon.png
0000041042,File:Exceptional Verisium inventory icon.png
0000041043,File:Medved's Crest of the Circle inventory icon.png
0000041044,File:Vorana's Crest of the Scythe inventory icon.png
0000041045,File:Uhtred's Crest of the Chalice inventory icon.png
0000041046,File:Olroth's Crest of the Sun inventory icon.png
0000041047,File:Distorted Amulet inventory icon.png
0000041050,File:Ire of Aldur inventory icon.png
0000041051,File:Breath of Aldur inventory icon.png
0000041052,File:Passion of Aldur inventory icon.png
0000041053,File:Lesser Ward Rune inventory icon.png
0000041054,File:Ward Rune inventory icon.png
0000041055,File:Greater Ward Rune inventory icon.png
0000041056,File:Greater Charging Rune inventory icon.png
0000041057,File:Charging Rune inventory icon.png
0000041058,File:Lesser Charging Rune inventory icon.png
0000041061,File:Proof Skill-based gain and Global gain stacks multiplicatively.jpg
0000041070,File:Refined Chayula's Catalyst inventory icon.png
0000041071,File:Refined Esh's Catalyst inventory icon.png
0000041072,File:Refined Flesh Catalyst inventory icon.png
0000041073,File:Refined Neural Catalyst inventory icon.png
0000041074,File:Refined Reaver Catalyst inventory icon.png
0000041075,File:Refined Sibilant Catalyst inventory icon.png
0000041076,File:Refined Skittering Catalyst inventory icon.png
0000041077,File:Refined Tul's Catalyst inventory icon.png
0000041078,File:Refined Uul-Netol's Catalyst inventory icon.png
0000041079,File:Refined Xoph's Catalyst inventory icon.png
0000041080,File:Refined Adaptive Catalyst inventory icon.png
0000041081,File:Refined Carapace Catalyst inventory icon.png
0000041082,File:Vaal Arcanist's Infuser inventory icon.png
0000041083,File:Vaal Blacksmith's Infuser inventory icon.png
0000041084,File:Vaal Catalysing Infuser inventory icon.png
0000041093,File:Powered by Verisium inventory icon.png
0000041094,File:Refutation inventory icon.png
0000041095,File:Wardbound Minions inventory icon.png
0000041096,File:Powered by Verisium skill icon.png
0000041097,File:Refutation skill icon.png
0000041098,File:Wardbound Minions skill icon.png
0000041099,File:Tecrod NPC screenshot.png
0000041102,File:Revelatory Wombgift inventory icon.png
0000041104,File:Lavish Wombgift inventory icon.png
0000041105,File:Essence of the Breach inventory icon.png
0000041106,File:Altered Collarbone inventory icon.png
0000041107,File:Grasping Mail inventory icon.png
0000041108,File:Breachlord Sac inventory icon.png
0000041109,File:Triskelion Cascade inventory icon.png
0000041110,File:Raven's Reflection inventory icon.png
0000041111,File:Trickster's Shard inventory icon.png
0000041112,File:Tangmazu's Thurible inventory icon.png
0000041113,File:Raven-Touched Shard inventory icon.png
0000041114,File:Eternal March inventory icon.png
0000041115,File:Eternal March skill icon.png
0000041116,File:Hollow Resonance skill icon.png
0000041117,File:Runic Reprieve skill icon.png
0000041118,File:Runic Reprieve inventory icon.png
0000041119,File:Vivid Stampede skill icon.png
0000041120,File:Dread Hatchet inventory icon.png
0000041121,File:Jagged Greataxe inventory icon.png
0000041122,File:Ember Greataxe inventory icon.png
0000041123,File:Ceremonial Halberd inventory icon.png
0000041124,File:Monument Greataxe inventory icon.png
0000041125,File:Sickle Sword inventory icon.png
0000041126,File:Falchion inventory icon.png
0000041127,File:Cutlass inventory icon.png
0000041128,File:Commander Sword inventory icon.png
0000041129,File:Dark Blade inventory icon.png
0000041130,File:Obsidian Greatsword inventory icon.png
0000041131,File:Keen Greatsword inventory icon.png
0000041132,File:Ancient Greatblade inventory icon.png
0000041133,File:Regalia Longsword inventory icon.png
0000041135,File:Signet Wombgift inventory icon.png
0000041136,File:Ornate Wombgift inventory icon.png
0000041137,File:Banded Wombgift inventory icon.png
0000041138,File:Remnants of Kalguur inventory icon.png
0000041139,File:Catha's Brilliance inventory icon.png
0000041140,File:Hollow Shell inventory icon.png
0000041141,File:Animus Exchange inventory icon.png
0000041142,File:Leylines inventory icon.png
0000041143,File:Runic Extraction inventory icon.png
0000041144,File:Arbiter's Reach inventory icon.png
0000041145,File:Olroth's Conviction inventory icon.png
0000041146,File:Breachlord's Amalgam inventory icon.png
0000041147,File:Healing Runes inventory icon.png
0000041148,File:Medved's Felling inventory icon.png
0000041149,File:Molten Shower inventory icon.png
0000041150,File:Portent Amulet inventory icon.png
0000041151,File:Breachlord's Rift inventory icon.png
0000041152,File:Scouring Flame inventory icon.png
0000041153,File:Sinew Belt inventory icon.png
0000041154,File:Stalking Belt inventory icon.png
0000041155,File:Uhtred's Rite inventory icon.png
0000041156,File:Absent Amulet inventory icon.png
0000041157,File:Forking Belt inventory icon.png
0000041158,File:Her Declaration inventory icon.png
0000041159,File:Invoking Belt inventory icon.png
0000041160,File:Lament Amulet inventory icon.png
0000041161,File:Olroth's Hubris inventory icon.png
0000041162,File:Seraph's Heart inventory icon.png
0000041163,File:Styrn's Ferocity inventory icon.png
0000041164,File:Styrn's Mountain inventory icon.png
0000041167,File:Runic Infusion inventory icon.png
0000041168,File:The Triskelion Reforged inventory icon.png
0000041169,File:Head of the King inventory icon.png
0000041172,File:Shattered Triskelion inventory icon.png
0000041176,File:Origin Spark inventory icon.png
0000041177,File:Origin Cradle inventory icon.png
0000041178,File:Origin Core inventory icon.png
0000041179,File:The Arbiter of Divinity key art.jpg
0000041180,File:Atlas masters presskit.jpg
0000041181,File:The genesis tree presskit.png
0000041182,File:The Raven Trickster.png
0000041183,File:Aoife.png
0000041184,File:The Bodach.png
0000041185,"File:Uhtred, the Stardrinker.png"
0000041186,File:The Abberation.png
0000041188,File:Emergent Protection inventory icon.png
0000041189,File:Emergent Vigour inventory icon.png
0000041190,File:Emergent Instinct inventory icon.png
0000041191,File:Emergent Possibility inventory icon.png
0000041193,File:Corona Amulet inventory icon.png
0000041194,File:Grasping Ring inventory icon.png
0000041195,File:Kinetic Ring inventory icon.png
0000041196,File:Mnemonic Ring inventory icon.png
0000041197,File:Vitalic Ring inventory icon.png
0000041198,File:Oneiric Ring inventory icon.png
0000041199,File:Biostatic Ring inventory icon.png
0000041200,File:Cryptic Key inventory icon.png
0000041201,File:Depleted Mana Rune inventory icon.png
0000041202,File:Infused Mana Rune inventory icon.png
0000041203,File:Twisted Amulet inventory icon.png
0000041204,File:Runeseeker's Call inventory icon.png
0000041210,"File:Range overlay of ""presence"" aura.png"
0000041211,File:Olroth's Boon inventory icon.png
0000041213,File:The Head of Vruun inventory icon.png
0000041214,File:Vorana's Logbook inventory icon.png
0000041215,File:Olroth's Logbook inventory icon.png
0000041216,File:Uhtred's Logbook inventory icon.png
0000041217,File:Makoru's Logbook inventory icon.png
0000041218,File:Medved's Boon inventory icon.png
0000041219,File:Uhtred's Boon inventory icon.png
0000041220,File:Vorana's Boon inventory icon.png
0000041221,File:Ragged Cloth inventory icon.png
0000041222,File:Tangled Torso inventory icon.png
0000041223,File:Mossy Arm inventory icon.png
0000041224,File:Brittle Arm inventory icon.png
0000041225,File:Frayed Cloth inventory icon.png
0000041226,File:Cadigan's Epiphany inventory icon.png
0000041227,File:Warding Rune of Reinforcement inventory icon.png
0000041228,File:Warding Rune of Protection inventory icon.png
0000041229,File:Vorana's Carnage inventory icon.png
0000041230,File:Uhtred's Sidereus inventory icon.png
0000041231,File:Thrud's Might inventory icon.png
0000041232,File:Medved's Tending inventory icon.png
0000041233,File:Kolr's Hunt inventory icon.png
0000041234,File:Katla's Gloom inventory icon.png
0000041236,File:Warding Rune of Desperation inventory icon.png
0000041237,File:Warding Rune of Disintegration inventory icon.png
0000041238,File:Warding Rune of Symbiosis inventory icon.png
0000041239,File:Warding Rune of Courage inventory icon.png
0000041240,File:Warding Rune of Stability inventory icon.png
0000041241,File:Warding Rune of Glancing inventory icon.png
0000041242,File:Warding Rune of Heart inventory icon.png
0000041243,File:Warding Rune of Nourishment inventory icon.png
0000041244,File:Warding Rune of Annihilation inventory icon.png
0000041245,File:Warding Rune of Armature inventory icon.png
0000041246,File:Warding Rune of Obsession inventory icon.png
0000041247,File:Warding Rune of Equinox inventory icon.png
0000041248,File:Warding Rune of Bodyguards inventory icon.png
0000041249,File:Warding Rune of Hollowing inventory icon.png
0000041250,File:Warding Rune of Salvaging inventory icon.png
0000041251,File:Ailith NPC screenshot.jpg
0000041252,File:Gallant Helm inventory icon.png
0000041253,File:Vorana's Siege inventory icon.png
0000041254,File:Helbrym's Hide inventory icon.png
0000041255,File:Tul's Avalanche inventory icon.png
0000041256,File:Esh's Prowess inventory icon.png
0000041257,File:Prototype Seventeen inventory icon.png
0000041258,File:Vruun's Aftermath inventory icon.png
0000041259,File:Vruun's Inevitability inventory icon.png
0000041260,File:Uhtred's Constellation inventory icon.png
0000041261,File:Minion Splash II inventory icon.png
0000041262,File:Minion Splash I inventory icon.png
0000041264,File:ColdFireNode passive skill icon.png
0000041368,File:Atlas1.png
0000041369,File:Atlas2.png
0000041371,File:Solo-Self-Found-PoE-2.webp
0000041378,File:Patriarch-and-Matriarch.jpg
0000041391,File:GruelingMadnessDebuffIcon.png
0000041402,File:Call of the Shadows inventory icon.png
0000041404,File:Spirit Walker portrait 2.png
0000041412,"File:Styrn, Fallen Knight of Aldur.png"
0000041414,File:Abyssal open weakness.png
0000041422,File:The Master's Reach inventory icon.png
0000041423,File:Liquid Verisium inventory icon.png
0000041424,File:Wildwood's Gifts skill icon.webp
0000041425,File:Wildwood's Gifts skill icon.png
0000041427,File:Wildwood's Gifts inventory icon.png
0000041429,File:Azmerian Swarms skill icon.png
0000041432,File:Yaomac's Orb of Sacrifice inventory icon.png
0000041433,File:Kopec's Orb of Sacrifice inventory icon.png
0000041434,File:Kamasa's Orb of Sacrifice inventory icon.png
0000041435,File:Yugul's Orb of Sacrifice inventory icon.png
0000041436,File:KeepersMiscellaneousNotable passive skill icon.png
0000041437,File:KeepersMiscellaneousNode passive skill icon.png
0000041438,File:KeepersEquipmentNode passive skill icon.png
0000041439,File:KeepersUniqueNode passive skill icon.png
0000041440,File:KeepersCurrencyNode passive skill icon.png
0000041441,File:KeepersCurrencyNotable passive skill icon.png
0000041442,File:KeepersEquipmentNotable passive skill icon.png
0000041443,File:KeepersUniqueNotable passive skill icon.png
0000041446,File:Necrotic Catalyst inventory icon.png
0000041447,File:Refined Necrotic Catalyst inventory icon.png
0000041448,File:Serle's Triumph inventory icon.png
0000041449,File:Rune of the Prism inventory icon.png
0000041452,File:Ancient Rune of Decay inventory icon.png
0000041453,File:Ancient Rune of Detonation inventory icon.png
0000041454,File:Ancient Rune of Dueling inventory icon.png
0000041455,File:Ancient Rune of Shattering inventory icon.png
0000041456,File:Ancient Rune of the Horde inventory icon.png
0000041457,File:Ancient Rune of the Titan inventory icon.png
0000041458,File:Ancient Rune of Witchcraft inventory icon.png
0000041459,File:Rune of Accumulation inventory icon.png
0000041460,File:Rune of Acrobatics inventory icon.png
0000041461,File:Rune of Confrontation inventory icon.png
0000041462,File:Rune of Consistency inventory icon.png
0000041463,File:Rune of Culmination inventory icon.png
0000041464,File:Rune of Foundations inventory icon.png
0000041465,File:Rune of Reach inventory icon.png
0000041466,File:Rune of Renown inventory icon.png
0000041467,File:Rune of the Blossom inventory icon.png
0000041468,File:Rune of the Hunt inventory icon.png
0000041469,File:Rune of Vital Flame inventory icon.png
0000041470,File:Rune of Vitality inventory icon.png
0000041471,File:The Dreamer portrait.png
0000041472,File:Aoife portrait.png
0000041473,File:Farrow portrait.png
0000041474,File:Ailith portrait.png
0000041475,File:Keepers of the Flame quest icon.png
0000041476,File:BreachHub loading screen.png
0000041477,File:DeliriumHub loading screen.png
0000041478,File:RitualHub loading screen.png
0000041482,File:Smash to Smithereens skill icon.png
